ID;DEPARTAMENTO;PROVINCIA;DISTRITO;CCPP;CAPITAL;VIVIENDAS;HABITANTES;CLASIFICACI흁 INEI;ALIMENTOS;SALUD;SERVICIOS BASICOS;TRANSPORTE
0;AMAZONAS;CHACHAPOYAS;LA JALCA;MUYUJ;0;25;16;RURAL;A;A;A;M
1;AMAZONAS;CHACHAPOYAS;LA JALCA;VENCEREMOS;0;10;14;RURAL;M;A;A;M
2;AMAZONAS;CHACHAPOYAS;LA JALCA;LOMIA;0;15;14;RURAL;B;A;B;A
3;AMAZONAS;CHACHAPOYAS;LEIMEBAMBA;LEIMEBAMBA;1;434;1229;URBANO;A;B;A;B
4;AMAZONAS;CHACHAPOYAS;LEIMEBAMBA;CHILINGOTE;0;26;63;RURAL;B;B;B;B
5;AMAZONAS;CHACHAPOYAS;LEIMEBAMBA;CHINCHANGO;0;3;15;RURAL;B;M;B;B
6;AMAZONAS;CHACHAPOYAS;LEIMEBAMBA;MIRAFLORES;0;14;27;RURAL;B;M;M;B
7;AMAZONAS;CHACHAPOYAS;LEIMEBAMBA;BONDA;0;9;22;RURAL;B;M;A;B
8;AMAZONAS;CHACHAPOYAS;CHACHAPOYAS;CHACHAPOYAS;1;7050;23202;URBANO;A;A;A;B
9;AMAZONAS;CHACHAPOYAS;CHACHAPOYAS;CACLIC;0;17;52;RURAL;B;B;B;M
10;AMAZONAS;CHACHAPOYAS;CHACHAPOYAS;ACHAMAQUI;0;6;12;RURAL;A;A;B;B
11;AMAZONAS;CHACHAPOYAS;CHACHAPOYAS;MARIPATA;0;40;160;RURAL;A;B;B;A
12;AMAZONAS;CHACHAPOYAS;CHACHAPOYAS;OPELEL;0;25;99;RURAL;B;M;M;A
13;AMAZONAS;CHACHAPOYAS;CHACHAPOYAS;TAQUIA;0;64;175;RURAL;B;A;M;B
14;AMAZONAS;CHACHAPOYAS;CHACHAPOYAS;PENCAPAMPA;0;17;69;RURAL;B;B;A;A
15;AMAZONAS;CHACHAPOYAS;CHACHAPOYAS;LUCMAURCO;0;6;17;RURAL;B;A;A;B
16;AMAZONAS;CHACHAPOYAS;CHACHAPOYAS;HIDALGO;0;10;21;RURAL;B;B;A;A
17;AMAZONAS;CHACHAPOYAS;CHACHAPOYAS;MITOPAMPA;0;8;18;RURAL;A;M;M;B
18;AMAZONAS;CHACHAPOYAS;CHACHAPOYAS;SACRAHUAYCO;0;4;12;RURAL;M;A;A;B
19;AMAZONAS;CHACHAPOYAS;CHACHAPOYAS;SAN ISIDRO;0;15;46;RURAL;M;M;B;A
20;AMAZONAS;CHACHAPOYAS;CHACHAPOYAS;SAN FRANCISCO;0;7;13;RURAL;A;B;A;B
21;AMAZONAS;CHACHAPOYAS;ASUNCION;ASUNCION;1;61;150;URBANO;A;A;M;B
22;AMAZONAS;CHACHAPOYAS;ASUNCION;VISTA HERMOSA;0;34;86;RURAL;M;B;M;A
23;AMAZONAS;CHACHAPOYAS;ASUNCION;BATAN;0;3;10;RURAL;M;A;B;M
24;AMAZONAS;CHACHAPOYAS;ASUNCION;POLLAN;0;13;32;RURAL;M;M;B;M
25;AMAZONAS;CHACHAPOYAS;BALSAS;BALSAS;1;70;259;URBANO;A;B;M;M
26;AMAZONAS;CHACHAPOYAS;BALSAS;GOLLON;0;69;178;RURAL;A;A;M;A
27;AMAZONAS;CHACHAPOYAS;BALSAS;ACHUPAS;0;31;78;RURAL;A;B;M;B
28;AMAZONAS;CHACHAPOYAS;BALSAS;ILLABAMBA;0;35;74;RURAL;A;A;B;M
29;AMAZONAS;CHACHAPOYAS;BALSAS;CHANCHILLO;0;15;13;RURAL;A;A;M;A
30;AMAZONAS;CHACHAPOYAS;BALSAS;SAULLAMUR;0;36;104;RURAL;A;A;M;B
31;AMAZONAS;CHACHAPOYAS;BALSAS;SACSHE;0;7;26;RURAL;M;M;A;A
32;AMAZONAS;CHACHAPOYAS;BALSAS;CASAS VIEJAS;0;12;35;RURAL;B;M;A;M
33;AMAZONAS;CHACHAPOYAS;BALSAS;CHACANTO;0;47;154;RURAL;A;M;M;M
34;AMAZONAS;CHACHAPOYAS;BALSAS;PAGNA;0;9;36;RURAL;A;A;B;M
35;AMAZONAS;CHACHAPOYAS;BALSAS;LUMBAY;0;16;50;RURAL;B;M;M;B
36;AMAZONAS;CHACHAPOYAS;BALSAS;HORNOPAMPA;0;39;97;RURAL;B;M;M;A
37;AMAZONAS;CHACHAPOYAS;BALSAS;SAN BASILIO;0;23;90;RURAL;M;B;A;B
38;AMAZONAS;CHACHAPOYAS;BALSAS;EMBON;0;10;24;RURAL;B;A;M;A
39;AMAZONAS;CHACHAPOYAS;BALSAS;JAGUAY;0;9;11;RURAL;B;A;M;M
40;AMAZONAS;CHACHAPOYAS;BALSAS;HUANABAMBA;0;18;49;RURAL;M;B;B;M
41;AMAZONAS;CHACHAPOYAS;BALSAS;TUEN;0;6;13;RURAL;A;M;M;B
42;AMAZONAS;CHACHAPOYAS;BALSAS;PAPURCO;0;10;32;RURAL;A;A;A;B
43;AMAZONAS;CHACHAPOYAS;BALSAS;LA PLAYA;0;12;27;RURAL;B;M;M;B
44;AMAZONAS;CHACHAPOYAS;BALSAS;LAS ESCOBAS;0;5;23;RURAL;B;B;B;B
45;AMAZONAS;CHACHAPOYAS;CHETO;CHETO;1;120;378;URBANO;B;B;B;B
46;AMAZONAS;CHACHAPOYAS;CHETO;SALICAS;0;25;63;RURAL;A;A;B;A
47;AMAZONAS;CHACHAPOYAS;CHETO;FORTALEZA;0;8;10;RURAL;A;M;A;A
48;AMAZONAS;CHACHAPOYAS;CHETO;HUACAPAMPA;0;45;108;RURAL;B;A;A;B
49;AMAZONAS;CHACHAPOYAS;CHILIQUIN;CHILIQUIN;1;29;82;URBANO;A;A;B;B
50;AMAZONAS;CHACHAPOYAS;CHILIQUIN;VITUYA;0;52;146;URBANO;B;A;M;M
51;AMAZONAS;CHACHAPOYAS;CHILIQUIN;YURUMARCA;0;5;18;RURAL;A;B;M;B
52;AMAZONAS;CHACHAPOYAS;CHILIQUIN;CHALLO;0;5;22;RURAL;M;M;M;A
53;AMAZONAS;CHACHAPOYAS;CHILIQUIN;TAUPA;0;12;45;RURAL;A;B;A;A
54;AMAZONAS;CHACHAPOYAS;CHILIQUIN;RETAMA;0;12;40;RURAL;A;A;M;M
55;AMAZONAS;CHACHAPOYAS;CHILIQUIN;SEMITA;0;4;15;RURAL;M;B;B;A
56;AMAZONAS;CHACHAPOYAS;CHILIQUIN;PULBILON;0;20;71;RURAL;A;A;M;B
57;AMAZONAS;CHACHAPOYAS;CHILIQUIN;SENGACHE;0;48;146;RURAL;A;M;M;A
58;AMAZONAS;CHACHAPOYAS;CHILIQUIN;LA AGUA헤;0;6;20;RURAL;M;A;A;A
59;AMAZONAS;CHACHAPOYAS;CHILIQUIN;LLAMAMARCA;0;2;10;RURAL;B;A;M;B
60;AMAZONAS;CHACHAPOYAS;CHILIQUIN;TUNASPATA;0;5;12;RURAL;B;M;A;M
61;AMAZONAS;CHACHAPOYAS;CHILIQUIN;LARAN;0;4;13;RURAL;M;B;M;A
62;AMAZONAS;CHACHAPOYAS;CHILIQUIN;PUECHCAL;0;4;16;RURAL;M;A;B;M
63;AMAZONAS;CHACHAPOYAS;CHILIQUIN;OBSAC;0;5;18;RURAL;M;B;A;B
64;AMAZONAS;CHACHAPOYAS;CHILIQUIN;LEGIA;0;3;10;RURAL;B;A;A;M
65;AMAZONAS;CHACHAPOYAS;CHILIQUIN;CUELCHO;0;33;89;RURAL;A;M;A;A
66;AMAZONAS;CHACHAPOYAS;CHILIQUIN;CUCHAPAMPA;0;5;14;RURAL;A;B;B;M
67;AMAZONAS;CHACHAPOYAS;CHUQUIBAMBA;CHUQUIBAMBA;1;184;623;URBANO;M;A;B;B
68;AMAZONAS;CHACHAPOYAS;CHUQUIBAMBA;CHUMBOL;0;95;313;RURAL;A;M;B;M
69;AMAZONAS;CHACHAPOYAS;CHUQUIBAMBA;RETAMA;0;3;10;RURAL;A;B;B;B
70;AMAZONAS;CHACHAPOYAS;CHUQUIBAMBA;COCHABAMBA;0;103;174;RURAL;B;M;M;B
71;AMAZONAS;CHACHAPOYAS;CHUQUIBAMBA;JAJA;0;46;145;RURAL;A;A;M;A
72;AMAZONAS;CHACHAPOYAS;CHUQUIBAMBA;VISTA ALEGRE;0;8;21;RURAL;M;A;A;M
73;AMAZONAS;CHACHAPOYAS;CHUQUIBAMBA;LA MORADA;0;82;294;RURAL;B;M;A;A
74;AMAZONAS;CHACHAPOYAS;CHUQUIBAMBA;JUGO;0;30;46;RURAL;B;M;A;A
75;AMAZONAS;CHACHAPOYAS;CHUQUIBAMBA;PINDUC;0;10;15;RURAL;A;A;B;B
76;AMAZONAS;CHACHAPOYAS;CHUQUIBAMBA;HUANABAMBA;0;6;12;RURAL;B;A;M;M
77;AMAZONAS;CHACHAPOYAS;CHUQUIBAMBA;TULPAC;0;39;61;RURAL;A;B;A;A
78;AMAZONAS;CHACHAPOYAS;CHUQUIBAMBA;CHOROPAMPA;0;8;18;RURAL;M;M;M;A
79;AMAZONAS;CHACHAPOYAS;CHUQUIBAMBA;LLUMBUY;0;6;13;RURAL;A;M;M;A
80;AMAZONAS;CHACHAPOYAS;CHUQUIBAMBA;PAMPA LA ARENA;0;8;28;RURAL;B;A;A;B
81;AMAZONAS;CHACHAPOYAS;CHUQUIBAMBA;OPABAN;0;22;60;RURAL;M;B;B;M
82;AMAZONAS;CHACHAPOYAS;CHUQUIBAMBA;CANAAN;0;43;127;RURAL;B;B;M;M
83;AMAZONAS;CHACHAPOYAS;CHUQUIBAMBA;A헤ZCO PUEBLO;0;29;91;RURAL;B;M;M;A
84;AMAZONAS;CHACHAPOYAS;GRANADA;GRANADA;1;45;143;URBANO;B;B;A;A
85;AMAZONAS;CHACHAPOYAS;GRANADA;SUGMAL;0;9;26;RURAL;B;M;B;M
86;AMAZONAS;CHACHAPOYAS;GRANADA;DIOSAN;0;50;153;RURAL;B;A;M;M
87;AMAZONAS;CHACHAPOYAS;GRANADA;CALVICHE;0;9;22;RURAL;A;M;M;M
88;AMAZONAS;CHACHAPOYAS;GRANADA;GUILLIPCHA;0;27;64;RURAL;M;B;A;M
89;AMAZONAS;CHACHAPOYAS;GRANADA;SAVIAJCHA;0;4;10;RURAL;B;B;M;A
90;AMAZONAS;CHACHAPOYAS;HUANCAS;HUANCAS;1;135;803;URBANO;A;B;M;B
91;AMAZONAS;CHACHAPOYAS;LA JALCA;LA JALCA;1;655;2351;URBANO;A;A;A;M
92;AMAZONAS;CHACHAPOYAS;LA JALCA;ACHUPA;0;6;15;RURAL;A;A;M;A
93;AMAZONAS;CHACHAPOYAS;LA JALCA;BUENAVISTA;0;12;28;RURAL;A;A;M;B
94;AMAZONAS;CHACHAPOYAS;LA JALCA;HUACAS;0;11;13;RURAL;B;A;M;M
95;AMAZONAS;CHACHAPOYAS;LA JALCA;NUEVO HUACAS;0;24;65;RURAL;M;A;A;A
96;AMAZONAS;CHACHAPOYAS;LA JALCA;SHINGACHE;0;25;11;RURAL;B;B;B;M
97;AMAZONAS;CHACHAPOYAS;LA JALCA;BUIQUIL;0;47;118;RURAL;A;M;M;A
98;AMAZONAS;CHACHAPOYAS;LA JALCA;QUIMBALERAN;0;25;68;RURAL;A;M;M;B
99;AMAZONAS;CHACHAPOYAS;LA JALCA;ALONSO DE ALVARADO;0;35;36;RURAL;B;A;B;M
100;AMAZONAS;CHACHAPOYAS;LA JALCA;ZUTA;0;29;49;RURAL;B;B;M;A
101;AMAZONAS;CHACHAPOYAS;LA JALCA;CANGUILLO;0;10;25;RURAL;M;M;B;A
102;AMAZONAS;CHACHAPOYAS;LA JALCA;UBILON;0;55;110;RURAL;B;A;B;M
103;AMAZONAS;CHACHAPOYAS;LA JALCA;YUMPE;0;83;60;RURAL;A;B;B;B
104;AMAZONAS;CHACHAPOYAS;LA JALCA;CASHLON;0;11;15;RURAL;B;M;M;B
105;AMAZONAS;CHACHAPOYAS;LA JALCA;POTQUIN;0;9;11;RURAL;M;A;A;B
106;AMAZONAS;CHACHAPOYAS;LA JALCA;CUITO;0;14;32;RURAL;B;M;B;A
107;AMAZONAS;CHACHAPOYAS;LA JALCA;LAMILAN;0;39;24;RURAL;A;A;A;M
108;AMAZONAS;CHACHAPOYAS;LA JALCA;CUEYQUETA;0;45;83;RURAL;A;A;B;M
109;AMAZONAS;CHACHAPOYAS;LA JALCA;CHACANGO;0;25;49;RURAL;A;M;B;A
110;AMAZONAS;CHACHAPOYAS;LA JALCA;PONGA;0;14;26;RURAL;A;B;A;B
111;AMAZONAS;CHACHAPOYAS;LA JALCA;CAULINGAS;0;20;18;RURAL;B;A;A;A
112;AMAZONAS;CHACHAPOYAS;LA JALCA;QUELUCAS;0;45;134;RURAL;A;A;B;B
113;AMAZONAS;CHACHAPOYAS;LA JALCA;JUSTAMANTE;0;13;12;RURAL;M;A;A;B
114;AMAZONAS;CHACHAPOYAS;LA JALCA;PENGOTE;0;171;503;RURAL;A;A;M;B
115;AMAZONAS;CHACHAPOYAS;LA JALCA;QUILLUNYA;0;191;497;RURAL;M;B;M;M
116;AMAZONAS;CHACHAPOYAS;LA JALCA;YERBA BUENA;0;198;588;RURAL;B;M;B;M
117;AMAZONAS;CHACHAPOYAS;LA JALCA;QUIUSHA;0;24;32;RURAL;A;M;A;M
118;AMAZONAS;CHACHAPOYAS;LA JALCA;NUEVO PROGRESO;0;19;56;RURAL;B;A;M;M
119;AMAZONAS;CHACHAPOYAS;LA JALCA;TUVIUJ;0;5;12;RURAL;A;B;A;B
120;AMAZONAS;CHACHAPOYAS;LA JALCA;TIMBUJ;0;14;12;RURAL;B;B;M;M
121;AMAZONAS;CHACHAPOYAS;LA JALCA;LA UNION;0;52;130;RURAL;M;B;B;A
122;AMAZONAS;CHACHAPOYAS;MOLINOPAMPA;PANGAMAL;0;8;16;RURAL;A;B;M;B
123;AMAZONAS;CHACHAPOYAS;MOLINOPAMPA;CASMAL;0;20;58;RURAL;B;B;A;M
124;AMAZONAS;CHACHAPOYAS;MOLINOPAMPA;E헤RA;0;25;84;RURAL;A;B;A;B
125;AMAZONAS;CHACHAPOYAS;MOLINOPAMPA;OCOL;0;57;221;RURAL;A;B;B;B
126;AMAZONAS;CHACHAPOYAS;MOLINOPAMPA;SAN JOSE;0;67;229;RURAL;M;B;B;M
127;AMAZONAS;CHACHAPOYAS;MOLINOPAMPA;SANTA ROSA;0;33;124;RURAL;B;B;A;M
128;AMAZONAS;CHACHAPOYAS;MOLINOPAMPA;CHILLCABRABA;0;20;68;RURAL;M;B;B;M
129;AMAZONAS;CHACHAPOYAS;MOLINOPAMPA;PUMA HERMANA;0;29;87;RURAL;A;A;A;B
130;AMAZONAS;CHACHAPOYAS;MOLINOPAMPA;HUASCAZALA;0;78;209;RURAL;A;M;A;A
131;AMAZONAS;CHACHAPOYAS;MOLINOPAMPA;ESPADILLA;0;38;116;RURAL;A;A;B;B
132;AMAZONAS;CHACHAPOYAS;MOLINOPAMPA;TAULIA;0;9;15;RURAL;M;M;M;B
133;AMAZONAS;CHACHAPOYAS;MOLINOPAMPA;COLMAL;0;6;14;RURAL;A;M;M;B
134;AMAZONAS;CHACHAPOYAS;MOLINOPAMPA;IZCUCHACA;0;129;272;RURAL;M;A;M;A
135;AMAZONAS;CHACHAPOYAS;MOLINOPAMPA;GUALAMITA;0;12;15;RURAL;A;B;B;B
136;AMAZONAS;CHACHAPOYAS;MOLINOPAMPA;HUAMAZAN;0;37;57;RURAL;A;M;M;M
137;AMAZONAS;CHACHAPOYAS;MOLINOPAMPA;SANTA CRUZ DEL TINGO;0;61;169;RURAL;B;B;M;A
138;AMAZONAS;CHACHAPOYAS;MOLINOPAMPA;CARANZIZO;0;6;11;RURAL;A;M;B;B
139;AMAZONAS;CHACHAPOYAS;MOLINOPAMPA;COLMAL ALTO;0;14;34;RURAL;A;M;M;A
140;AMAZONAS;CHACHAPOYAS;MOLINOPAMPA;WILLCABAMBA;0;10;26;RURAL;M;B;A;M
141;AMAZONAS;CHACHAPOYAS;MONTEVIDEO;MONTEVIDEO;1;205;619;URBANO;A;B;A;M
142;AMAZONAS;CHACHAPOYAS;MONTEVIDEO;TUSHMEN;0;10;36;RURAL;B;A;A;B
143;AMAZONAS;CHACHAPOYAS;MONTEVIDEO;SAMANGA;0;24;25;RURAL;A;A;M;A
144;AMAZONAS;CHACHAPOYAS;OLLEROS;OLLEROS;1;38;104;URBANO;B;A;B;B
145;AMAZONAS;CHACHAPOYAS;OLLEROS;ARENAL;0;11;19;RURAL;A;M;B;B
146;AMAZONAS;CHACHAPOYAS;OLLEROS;LA REYNA (SAN MIGUEL DE LA REYNA);0;40;105;RURAL;A;M;A;M
147;AMAZONAS;CHACHAPOYAS;OLLEROS;SISO;0;7;16;RURAL;M;A;M;M
148;AMAZONAS;CHACHAPOYAS;OLLEROS;SIRICHA;0;21;65;RURAL;A;B;A;B
149;AMAZONAS;CHACHAPOYAS;OLLEROS;CUPACHA;0;14;36;RURAL;B;B;A;M
150;AMAZONAS;CHACHAPOYAS;QUINJALCA;QUINJALCA;1;46;143;URBANO;B;A;M;A
151;AMAZONAS;CHACHAPOYAS;QUINJALCA;SHAULIA;0;8;26;RURAL;A;B;B;A
152;AMAZONAS;CHACHAPOYAS;QUINJALCA;CUELCACHA;0;10;32;RURAL;A;A;A;B
153;AMAZONAS;CHACHAPOYAS;QUINJALCA;BUELOT;0;6;35;RURAL;M;M;M;M
154;AMAZONAS;CHACHAPOYAS;QUINJALCA;ZENLA;0;12;32;RURAL;B;M;M;A
155;AMAZONAS;CHACHAPOYAS;QUINJALCA;CLICH;0;14;56;RURAL;B;A;A;B
156;AMAZONAS;CHACHAPOYAS;QUINJALCA;LAMCHE;0;36;96;RURAL;A;A;M;A
157;AMAZONAS;CHACHAPOYAS;QUINJALCA;SHINGARMAL;0;4;14;RURAL;A;B;M;B
158;AMAZONAS;CHACHAPOYAS;QUINJALCA;CASHAC;0;38;53;RURAL;B;B;A;B
159;AMAZONAS;BAGUA;LA PECA;SAN FRANCISCO;0;126;490;URBANO;A;A;M;A
160;AMAZONAS;BAGUA;LA PECA;SAN LORENZO;0;32;112;RURAL;A;B;A;A
161;AMAZONAS;BAGUA;BAGUA;TOMAQUE;0;125;406;URBANO;B;B;M;B
162;AMAZONAS;BAGUA;BAGUA;PECA PALACIOS;0;177;549;RURAL;M;M;A;B
163;AMAZONAS;BAGUA;LA PECA;SAN JOSE DEL ARENAL;0;16;36;RURAL;M;A;A;B
164;AMAZONAS;BAGUA;COPALLIN;CHOMZA LA UNION;0;26;82;RURAL;B;A;A;M
165;AMAZONAS;BAGUA;LA PECA;EL POTRERILLO;0;21;91;RURAL;B;M;B;B
166;AMAZONAS;BAGUA;BAGUA;PALMIRA;0;22;83;RURAL;B;B;B;M
167;AMAZONAS;BAGUA;LA PECA;SHAMBO;0;12;16;RURAL;M;M;A;M
168;AMAZONAS;BAGUA;BAGUA;EL HORNO;0;19;68;RURAL;A;B;B;M
169;AMAZONAS;BAGUA;ARAMANGO;ARAMANGO;1;320;1131;URBANO;B;A;B;M
170;AMAZONAS;BAGUA;ARAMANGO;VILLA FLOR;0;18;75;RURAL;M;M;A;A
171;AMAZONAS;BAGUA;ARAMANGO;CAMPO SEIS;0;27;66;RURAL;B;A;M;B
172;AMAZONAS;BAGUA;ARAMANGO;SOLDADO OLIVA;0;27;95;RURAL;A;B;M;B
173;AMAZONAS;BAGUA;ARAMANGO;PAIK;0;13;66;RURAL;M;M;M;A
174;AMAZONAS;BAGUA;ARAMANGO;LUMBA;0;8;20;RURAL;M;M;A;M
175;AMAZONAS;BAGUA;ARAMANGO;NUMPATKAIM;0;21;112;RURAL;M;A;B;B
176;AMAZONAS;BAGUA;ARAMANGO;PERLAMAYO;0;23;113;RURAL;A;M;A;A
177;AMAZONAS;BAGUA;ARAMANGO;SHAIM;0;29;134;RURAL;M;B;A;A
178;AMAZONAS;BAGUA;ARAMANGO;SANJUAN DE DIOS;0;52;229;RURAL;A;A;M;A
179;AMAZONAS;BAGUA;ARAMANGO;ZAPOTAL;0;32;145;RURAL;B;M;A;B
180;AMAZONAS;BAGUA;ARAMANGO;EL TAYO;0;19;86;RURAL;A;M;B;M
181;AMAZONAS;BAGUA;ARAMANGO;NAJEN;0;25;106;RURAL;M;A;A;B
182;AMAZONAS;BAGUA;ARAMANGO;NUEVO VENCEREMOS (LA UNION);0;18;18;RURAL;M;B;A;B
183;AMAZONAS;BAGUA;ARAMANGO;NUEVO ORIENTE;0;11;27;RURAL;A;A;B;M
184;AMAZONAS;BAGUA;ARAMANGO;SANTO DOMINGO;0;11;18;RURAL;M;A;M;A
185;AMAZONAS;BAGUA;ARAMANGO;MONTENEGRO;0;43;140;RURAL;B;A;B;M
186;AMAZONAS;BAGUA;ARAMANGO;MIRANA;0;34;131;RURAL;A;B;B;A
187;AMAZONAS;BAGUA;ARAMANGO;COMUNIDAD NATIVA TUTUMBEROS;0;70;323;RURAL;B;B;M;B
188;AMAZONAS;BAGUA;ARAMANGO;ARENAL;0;16;81;RURAL;B;A;A;M
189;AMAZONAS;BAGUA;ARAMANGO;ROBLE;0;33;142;RURAL;B;B;M;B
190;AMAZONAS;BAGUA;ARAMANGO;POERTO PERLAMAYO;0;32;115;RURAL;M;M;M;A
191;AMAZONAS;BAGUA;ARAMANGO;COMUNIDAD NATIVA TSUNTSUNTSA;0;40;193;RURAL;A;M;M;A
192;AMAZONAS;BAGUA;ARAMANGO;CHINGANZA;0;58;184;RURAL;A;B;B;M
193;AMAZONAS;BAGUA;ARAMANGO;VISTA ALEGRE;0;20;87;RURAL;A;A;B;B
194;AMAZONAS;BAGUA;ARAMANGO;BUENOS AIRES;0;25;76;RURAL;B;B;B;A
195;AMAZONAS;BAGUA;ARAMANGO;SAN FRANCISCO;0;47;153;RURAL;M;B;A;M
196;AMAZONAS;BAGUA;ARAMANGO;ALTO PERU;0;30;63;RURAL;M;A;M;M
197;AMAZONAS;BAGUA;ARAMANGO;NUEVO JERUSALEN (LA PERLA);0;21;23;RURAL;M;M;B;B
198;AMAZONAS;BAGUA;ARAMANGO;EL MUYO (C.P.L.);0;368;1168;URBANO;B;M;A;M
199;AMAZONAS;BAGUA;ARAMANGO;SAN ANTONIO;0;27;83;RURAL;M;B;A;B
200;AMAZONAS;BAGUA;ARAMANGO;BELLAVISTA;0;34;126;RURAL;B;B;M;B
201;AMAZONAS;BAGUA;ARAMANGO;NUEVO PROGRESO;0;24;58;RURAL;B;A;M;M
202;AMAZONAS;BAGUA;ARAMANGO;UNION MALVINAS;0;53;154;RURAL;B;B;A;A
203;AMAZONAS;BAGUA;ARAMANGO;SELVA VERDE;0;72;261;RURAL;M;A;M;A
204;AMAZONAS;BAGUA;ARAMANGO;GUAYAQUIL;0;31;141;RURAL;A;A;B;M
205;AMAZONAS;BAGUA;ARAMANGO;E L CEDRON;0;53;285;RURAL;B;B;A;M
206;AMAZONAS;BAGUA;ARAMANGO;RESERVA UJUCANO;0;38;135;RURAL;B;B;B;B
207;AMAZONAS;BAGUA;ARAMANGO;PAJONAL;0;6;15;RURAL;M;B;M;A
208;AMAZONAS;BAGUA;ARAMANGO;MIRADOR;0;22;103;RURAL;M;A;B;A
209;AMAZONAS;BAGUA;ARAMANGO;LA LIBERTAD (C.P.L.);0;131;358;URBANO;M;B;A;A
210;AMAZONAS;BAGUA;ARAMANGO;MAGDALENA;0;15;37;RURAL;M;B;B;B
211;AMAZONAS;BAGUA;ARAMANGO;VALENCIA;0;28;92;RURAL;A;B;A;A
212;AMAZONAS;BAGUA;ARAMANGO;SOL NACIENTE;0;16;61;RURAL;M;A;M;M
213;AMAZONAS;BAGUA;ARAMANGO;LAS GUAYUSAS;0;18;51;RURAL;B;B;B;B
214;AMAZONAS;BAGUA;ARAMANGO;EL LAUREL;0;22;90;RURAL;M;A;M;B
215;AMAZONAS;BAGUA;ARAMANGO;NARANJOS;0;42;156;RURAL;M;B;M;M
216;AMAZONAS;BAGUA;ARAMANGO;POMABAMBA;0;17;84;RURAL;A;A;B;B
217;AMAZONAS;BAGUA;ARAMANGO;LA PRIMAVERA;0;10;47;RURAL;M;M;M;B
218;AMAZONAS;BAGUA;ARAMANGO;LANCHE PATA;0;7;36;RURAL;A;B;B;M
219;AMAZONAS;BAGUA;ARAMANGO;NUMPARQUE;0;72;313;RURAL;B;M;B;M
220;AMAZONAS;BAGUA;ARAMANGO;FLOR DE LA VI헤;0;17;86;RURAL;M;M;M;B
221;AMAZONAS;BAGUA;ARAMANGO;TESORO;0;5;18;RURAL;M;B;A;B
222;AMAZONAS;BAGUA;ARAMANGO;LA VI헤;0;15;66;RURAL;B;B;A;B
223;AMAZONAS;BAGUA;ARAMANGO;MIRAFLORES;0;52;214;RURAL;B;B;B;M
224;AMAZONAS;BAGUA;ARAMANGO;SUNSUNSA;0;14;44;RURAL;B;M;A;M
225;AMAZONAS;BAGUA;ARAMANGO;COPALLIN DE ARAMANGO;0;81;279;RURAL;M;A;A;M
226;AMAZONAS;BAGUA;ARAMANGO;LA HERMOSA;0;17;59;RURAL;M;B;M;A
227;AMAZONAS;BAGUA;ARAMANGO;EL LIMON;0;27;115;RURAL;M;B;B;A
228;AMAZONAS;CHACHAPOYAS;QUINJALCA;TRANCA;0;4;12;RURAL;B;B;M;B
229;AMAZONAS;CHACHAPOYAS;QUINJALCA;TAYAHUAYCO;0;9;24;RURAL;B;M;M;A
230;AMAZONAS;CHACHAPOYAS;QUINJALCA;SHILMAL;0;33;108;RURAL;B;B;M;B
231;AMAZONAS;CHACHAPOYAS;QUINJALCA;CHICCHA;0;4;12;RURAL;A;M;A;B
232;AMAZONAS;CHACHAPOYAS;QUINJALCA;AIMES;0;24;80;RURAL;M;M;M;B
233;AMAZONAS;CHACHAPOYAS;QUINJALCA;CHONTAPAMPA;0;32;91;RURAL;B;A;B;M
234;AMAZONAS;CHACHAPOYAS;QUINJALCA;BUELO PAMPA;0;6;21;RURAL;B;M;A;B
235;AMAZONAS;CHACHAPOYAS;QUINJALCA;PALACHE;0;4;12;RURAL;M;M;B;M
236;AMAZONAS;CHACHAPOYAS;SAN FRANCISCO DE DAGUAS;DAGUAS;1;13;50;URBANO;M;B;M;B
237;AMAZONAS;CHACHAPOYAS;SAN FRANCISCO DE DAGUAS;PIPUS;0;74;178;URBANO;A;A;A;B
238;AMAZONAS;CHACHAPOYAS;SAN FRANCISCO DE DAGUAS;LA COLPA;0;10;12;RURAL;A;B;A;B
239;AMAZONAS;CHACHAPOYAS;SAN FRANCISCO DE DAGUAS;MOLINO;0;2;12;RURAL;M;B;M;A
240;AMAZONAS;CHACHAPOYAS;SAN FRANCISCO DE DAGUAS;CASINGLAS;0;8;11;RURAL;B;B;B;B
241;AMAZONAS;CHACHAPOYAS;SAN ISIDRO DE MAINO;MAINO;1;142;473;URBANO;M;M;B;B
242;AMAZONAS;CHACHAPOYAS;SAN ISIDRO DE MAINO;SANTA ROSA;0;30;65;RURAL;B;B;M;A
243;AMAZONAS;CHACHAPOYAS;SAN ISIDRO DE MAINO;CALPILON;0;12;37;RURAL;B;B;A;M
244;AMAZONAS;CHACHAPOYAS;SAN ISIDRO DE MAINO;VARGAS;0;4;19;RURAL;A;B;M;M
245;AMAZONAS;CHACHAPOYAS;LEVANTO;QUIPACHACHA;0;25;50;RURAL;B;B;M;M
246;AMAZONAS;CHACHAPOYAS;LEVANTO;HERMITA;0;7;21;RURAL;M;A;A;A
247;AMAZONAS;CHACHAPOYAS;MAGDALENA;MAGDALENA;1;256;694;URBANO;M;A;M;B
248;AMAZONAS;CHACHAPOYAS;MAGDALENA;CONDECHACA;0;7;12;RURAL;M;B;M;B
249;AMAZONAS;CHACHAPOYAS;MAGDALENA;PARSUL;0;26;58;RURAL;M;M;M;M
250;AMAZONAS;CHACHAPOYAS;MAGDALENA;CANGASH;0;9;15;RURAL;A;M;B;A
251;AMAZONAS;CHACHAPOYAS;MAGDALENA;SAHUAL;0;20;15;RURAL;A;B;M;M
252;AMAZONAS;CHACHAPOYAS;MAGDALENA;AGUA LOCA;0;9;22;RURAL;B;B;M;B
253;AMAZONAS;CHACHAPOYAS;MAGDALENA;DESENGA헲;0;5;13;RURAL;M;B;B;B
254;AMAZONAS;CHACHAPOYAS;MARISCAL CASTILLA;DURAZNOPAMPA;1;91;249;URBANO;B;B;B;B
255;AMAZONAS;CHACHAPOYAS;MARISCAL CASTILLA;TACTA;0;95;296;URBANO;A;M;B;M
256;AMAZONAS;CHACHAPOYAS;MARISCAL CASTILLA;POTMOJA (CUSHPA POTMA);0;18;54;RURAL;M;M;A;M
257;AMAZONAS;CHACHAPOYAS;MARISCAL CASTILLA;AZAR CUSHPA;0;19;29;RURAL;B;A;A;A
258;AMAZONAS;CHACHAPOYAS;MARISCAL CASTILLA;DOS CRUCES;0;5;11;RURAL;B;B;M;B
259;AMAZONAS;CHACHAPOYAS;MARISCAL CASTILLA;INGAYACU;0;18;43;RURAL;M;A;M;M
260;AMAZONAS;CHACHAPOYAS;MARISCAL CASTILLA;CIELACH;0;10;33;RURAL;A;A;B;B
261;AMAZONAS;CHACHAPOYAS;MARISCAL CASTILLA;GOMAL;0;12;31;RURAL;A;M;B;M
262;AMAZONAS;CHACHAPOYAS;MARISCAL CASTILLA;CORRAL HUAYCO;0;11;16;RURAL;B;M;B;B
263;AMAZONAS;CHACHAPOYAS;MARISCAL CASTILLA;SHUEMBE;0;47;120;RURAL;A;B;B;B
264;AMAZONAS;CHACHAPOYAS;MARISCAL CASTILLA;HERNANDEZ;0;28;65;RURAL;A;M;M;M
265;AMAZONAS;CHACHAPOYAS;MARISCAL CASTILLA;SAN PEDRO;0;74;140;RURAL;A;A;A;M
266;AMAZONAS;CHACHAPOYAS;SAN ISIDRO DE MAINO;TOLPIN;0;18;53;RURAL;B;A;M;B
267;AMAZONAS;CHACHAPOYAS;SOLOCO;SOLOCO;1;113;298;URBANO;A;M;B;A
268;AMAZONAS;CHACHAPOYAS;SOLOCO;LOLTO;0;70;183;RURAL;M;A;M;M
269;AMAZONAS;CHACHAPOYAS;SOLOCO;CUILLAMAL;0;23;41;RURAL;A;M;A;A
270;AMAZONAS;CHACHAPOYAS;SOLOCO;SACSOL;0;8;18;RURAL;A;B;B;M
271;AMAZONAS;CHACHAPOYAS;SOLOCO;MITO;0;137;403;RURAL;A;B;M;M
272;AMAZONAS;CHACHAPOYAS;SOLOCO;QUITACHE;0;44;194;RURAL;A;M;B;M
273;AMAZONAS;CHACHAPOYAS;SOLOCO;TINAS;0;3;11;RURAL;B;A;M;B
274;AMAZONAS;CHACHAPOYAS;SOLOCO;OQUISH;0;58;246;RURAL;B;A;A;M
275;AMAZONAS;CHACHAPOYAS;SONCHE;SAN JUAN DE SONCHE;1;54;102;URBANO;M;A;M;A
276;AMAZONAS;CHACHAPOYAS;SONCHE;OLMAL;0;30;23;RURAL;A;A;M;M
277;AMAZONAS;CHACHAPOYAS;SONCHE;NUEVO OLMAL;0;34;100;RURAL;B;B;B;B
278;AMAZONAS;BAGUA;BAGUA;BAGUA;1;6143;21000;URBANO;B;A;A;A
279;AMAZONAS;BAGUA;BAGUA;RENTEMA;0;39;87;RURAL;A;M;A;M
280;AMAZONAS;BAGUA;BAGUA;CHULLO;0;51;162;RURAL;A;M;B;B
281;AMAZONAS;BAGUA;BAGUA;NARANJOS;0;56;226;RURAL;B;B;A;B
282;AMAZONAS;BAGUA;LA PECA;MEL;0;27;106;RURAL;A;A;A;M
283;AMAZONAS;BAGUA;BAGUA;ESPITAL;0;114;452;RURAL;B;M;A;A
284;AMAZONAS;BAGUA;LA PECA;NUEVA VICTORIA;0;67;181;RURAL;A;M;B;M
285;AMAZONAS;BAGUA;BAGUA;ACERILLO;0;59;192;RURAL;M;A;B;A
286;AMAZONAS;BAGUA;BAGUA;GUADALUPE;0;76;301;RURAL;A;M;B;B
287;AMAZONAS;BAGUA;LA PECA;LIMONYACO ALTO;0;24;111;RURAL;B;B;M;M
288;AMAZONAS;BAGUA;LA PECA;SAN ISIDRO;0;64;204;RURAL;M;A;B;B
289;AMAZONAS;BAGUA;LA PECA;UNION PROGRESO;0;34;85;RURAL;B;M;A;B
290;AMAZONAS;BAGUA;LA PECA;YACUPE;0;24;79;RURAL;B;M;M;A
291;AMAZONAS;BAGUA;LA PECA;NUEVO PORVENIR;0;16;50;RURAL;M;M;A;M
292;AMAZONAS;BAGUA;LA PECA;LA PALMA;0;22;85;RURAL;B;A;M;B
293;AMAZONAS;BAGUA;LA PECA;ARENAL;0;60;134;RURAL;A;M;M;M
294;AMAZONAS;BAGUA;LA PECA;LALA;0;33;90;RURAL;A;A;A;A
295;AMAZONAS;BAGUA;LA PECA;NUEVA FLORIDA;0;49;197;RURAL;A;M;B;A
296;AMAZONAS;BAGUA;LA PECA;ARRAYAN;0;142;436;URBANO;A;B;A;A
297;AMAZONAS;BAGUA;LA PECA;MIRAVALLES;0;13;48;RURAL;B;B;B;B
298;AMAZONAS;BAGUA;LA PECA;SANTA ROSA;0;19;60;RURAL;B;A;M;B
299;AMAZONAS;BAGUA;LA PECA;ACHAGUAY ALTO;0;46;151;RURAL;A;M;B;M
300;AMAZONAS;BAGUA;BAGUA;ACHAGUAY BAJO;0;45;90;RURAL;M;M;M;M
301;AMAZONAS;BAGUA;BAGUA;CASUAL;0;90;282;RURAL;A;A;A;A
302;AMAZONAS;BAGUA;BAGUA;LAS JUNTAS;0;21;32;RURAL;M;M;A;M
303;AMAZONAS;BAGUA;BAGUA;CHOLOQUILLO;0;42;115;RURAL;M;A;A;A
304;AMAZONAS;BAGUA;LA PECA;MULLUCASHE;0;38;141;RURAL;B;A;A;M
305;AMAZONAS;BAGUA;LA PECA;LA PECA;1;967;3263;URBANO;M;A;B;B
306;AMAZONAS;BAGUA;LA PECA;CHURIACO;0;25;18;RURAL;M;A;M;A
307;AMAZONAS;BAGUA;LA PECA;PARAISO;0;35;99;RURAL;M;B;M;B
308;AMAZONAS;BAGUA;LA PECA;HUMBATE;0;80;204;RURAL;A;B;A;M
309;AMAZONAS;BAGUA;LA PECA;CHOMZA ALTA;0;102;359;RURAL;M;A;M;M
310;AMAZONAS;BAGUA;LA PECA;SAN LUIS;0;15;17;RURAL;B;M;M;A
311;AMAZONAS;BAGUA;LA PECA;TRANQUILLA;0;23;70;RURAL;A;B;B;M
312;AMAZONAS;BAGUA;LA PECA;EL TRIUNFO;0;71;298;RURAL;M;B;M;M
313;AMAZONAS;BAGUA;LA PECA;GUAYAQUIL;0;12;51;RURAL;B;M;B;B
314;AMAZONAS;BAGUA;LA PECA;ALMENDRAL;0;27;97;RURAL;A;A;M;M
315;AMAZONAS;CHACHAPOYAS;LEIMEBAMBA;PALMIRA;0;211;628;URBANO;B;B;B;B
316;AMAZONAS;CHACHAPOYAS;LEIMEBAMBA;AUMUCH;0;32;105;RURAL;B;M;B;M
317;AMAZONAS;CHACHAPOYAS;LEIMEBAMBA;PARAJILLO;0;16;26;RURAL;B;M;M;B
318;AMAZONAS;CHACHAPOYAS;LEIMEBAMBA;ISHPINGO;0;29;113;RURAL;A;A;B;A
319;AMAZONAS;CHACHAPOYAS;LEIMEBAMBA;POMACOCHAS;0;18;50;RURAL;B;M;B;B
320;AMAZONAS;CHACHAPOYAS;LEIMEBAMBA;CUENSOL;0;14;16;RURAL;B;M;B;M
321;AMAZONAS;CHACHAPOYAS;LEIMEBAMBA;SHALCAPATA;0;7;10;RURAL;A;A;M;B
322;AMAZONAS;CHACHAPOYAS;LEIMEBAMBA;SHISHUAYCO;0;22;15;RURAL;B;M;B;B
323;AMAZONAS;CHACHAPOYAS;LEIMEBAMBA;DOS DE MAYO;0;196;751;RURAL;A;A;B;A
324;AMAZONAS;CHACHAPOYAS;LEIMEBAMBA;TRIGUICSA;0;10;11;RURAL;B;B;B;M
325;AMAZONAS;CHACHAPOYAS;LEIMEBAMBA;EL TAMBO;0;5;16;RURAL;B;B;B;M
326;AMAZONAS;CHACHAPOYAS;LEIMEBAMBA;PLAZA PAMPA;0;34;107;RURAL;M;A;M;M
327;AMAZONAS;CHACHAPOYAS;LEIMEBAMBA;SAN MIGUEL;0;8;22;RURAL;B;B;B;A
328;AMAZONAS;CHACHAPOYAS;LEIMEBAMBA;LLUY;0;10;24;RURAL;A;B;B;M
329;AMAZONAS;CHACHAPOYAS;LEIMEBAMBA;CHILCHOS;0;103;276;RURAL;M;M;B;B
330;AMAZONAS;CHACHAPOYAS;LEIMEBAMBA;LLUSHPE;0;11;11;RURAL;M;A;A;M
331;AMAZONAS;CHACHAPOYAS;LEIMEBAMBA;QUINGRIMACHAY;0;10;21;RURAL;A;A;A;A
332;AMAZONAS;CHACHAPOYAS;LEIMEBAMBA;LAJAS BAMBA;0;10;13;RURAL;A;A;B;B
333;AMAZONAS;CHACHAPOYAS;LEIMEBAMBA;TAMBILLO;0;21;10;RURAL;A;B;B;B
334;AMAZONAS;CHACHAPOYAS;LEIMEBAMBA;LA VAQUERIA;0;14;19;RURAL;B;M;B;A
335;AMAZONAS;CHACHAPOYAS;LEIMEBAMBA;TEABEN;0;13;16;RURAL;A;B;M;M
336;AMAZONAS;CHACHAPOYAS;LEIMEBAMBA;LA JOYA;0;54;68;RURAL;M;B;A;B
337;AMAZONAS;CHACHAPOYAS;LEIMEBAMBA;ATUEN;0;75;141;RURAL;A;A;A;A
338;AMAZONAS;CHACHAPOYAS;LEIMEBAMBA;LAS CHAVEZ;0;8;22;RURAL;B;B;B;B
339;AMAZONAS;CHACHAPOYAS;LEVANTO;LEVANTO;1;135;485;URBANO;B;B;M;A
340;AMAZONAS;CHACHAPOYAS;LEVANTO;CACHUC;0;47;98;RURAL;M;B;A;A
341;AMAZONAS;CHACHAPOYAS;LEVANTO;CUENGUIMIA;0;11;17;RURAL;B;A;B;M
342;AMAZONAS;CHACHAPOYAS;LEVANTO;HUILLCA LOMO;0;5;15;RURAL;A;A;M;B
343;AMAZONAS;CHACHAPOYAS;LEVANTO;COLLACRUZ;0;61;210;RURAL;M;B;A;B
344;AMAZONAS;CHACHAPOYAS;MARISCAL CASTILLA;LIMATAMBO;0;8;12;RURAL;A;M;B;A
345;AMAZONAS;CHACHAPOYAS;MOLINOPAMPA;MOLINOPAMPA;1;236;658;URBANO;B;B;A;A
346;AMAZONAS;BONGARA;YAMBRASBAMBA;EL DORADO;0;43;152;RURAL;B;A;B;A
347;AMAZONAS;BONGARA;YAMBRASBAMBA;LA UNION;0;28;129;RURAL;M;M;B;M
348;AMAZONAS;BONGARA;YAMBRASBAMBA;BARRIO SANTA ROSA;0;10;47;RURAL;B;B;B;A
349;AMAZONAS;BONGARA;YAMBRASBAMBA;EL TRIUNFO;0;5;22;RURAL;B;A;B;B
350;AMAZONAS;BONGARA;YAMBRASBAMBA;PERLA DEL IMAZA;0;39;226;RURAL;B;M;A;B
351;AMAZONAS;BONGARA;YAMBRASBAMBA;SANTA ROSA;0;47;243;RURAL;M;M;A;A
352;AMAZONAS;BONGARA;YAMBRASBAMBA;AGUA DULCE;0;71;281;RURAL;M;B;B;B
353;AMAZONAS;BONGARA;YAMBRASBAMBA;ARENISCA;0;8;20;RURAL;A;M;B;M
354;AMAZONAS;BONGARA;YAMBRASBAMBA;LA FLORIDA;0;61;374;RURAL;B;M;A;B
355;AMAZONAS;BONGARA;YAMBRASBAMBA;LA ESPERANZA;0;110;355;RURAL;B;A;B;M
356;AMAZONAS;BONGARA;YAMBRASBAMBA;MIRAFLORES;0;43;143;RURAL;B;B;M;B
357;AMAZONAS;BONGARA;YAMBRASBAMBA;CANJO;0;35;78;RURAL;A;A;B;M
358;AMAZONAS;BONGARA;YAMBRASBAMBA;PE헤 BLANCA;0;10;13;RURAL;A;A;M;B
359;AMAZONAS;BONGARA;YAMBRASBAMBA;LAS MINAS;0;4;57;RURAL;M;M;B;B
360;AMAZONAS;BONGARA;YAMBRASBAMBA;SICHOCA;0;18;65;RURAL;M;A;B;A
361;AMAZONAS;BONGARA;YAMBRASBAMBA;CORTE CERRADO;0;7;18;RURAL;M;M;A;A
362;AMAZONAS;BONGARA;YAMBRASBAMBA;TICABAMBA;0;13;41;RURAL;B;M;B;A
363;AMAZONAS;BONGARA;YAMBRASBAMBA;TAMBILLO;0;31;141;RURAL;A;B;A;A
364;AMAZONAS;BONGARA;YAMBRASBAMBA;YAMBRAS;0;11;15;RURAL;B;M;B;M
365;AMAZONAS;BONGARA;YAMBRASBAMBA;SHUCAYACU;0;72;236;RURAL;M;B;A;M
366;AMAZONAS;BONGARA;YAMBRASBAMBA;PUENTE VILCANIZA;0;23;64;RURAL;M;B;M;M
367;AMAZONAS;BONGARA;YAMBRASBAMBA;COPAL;0;13;43;RURAL;B;A;M;A
368;AMAZONAS;BONGARA;YAMBRASBAMBA;VILCANIZA;0;83;277;RURAL;A;M;A;A
369;AMAZONAS;BONGARA;YAMBRASBAMBA;EL MOLINO;0;7;22;RURAL;M;A;A;B
370;AMAZONAS;BONGARA;YAMBRASBAMBA;COCACHACRA;0;4;15;RURAL;A;M;B;A
371;AMAZONAS;BONGARA;YAMBRASBAMBA;PUNTO AZUL;0;5;11;RURAL;M;M;A;B
372;AMAZONAS;BONGARA;YAMBRASBAMBA;VILLA HERMOSA;0;21;59;RURAL;M;A;A;A
373;AMAZONAS;BONGARA;YAMBRASBAMBA;CUAMBO;0;10;35;RURAL;A;B;A;A
374;AMAZONAS;BONGARA;YAMBRASBAMBA;JALCA;0;12;59;RURAL;B;A;B;M
375;AMAZONAS;BONGARA;YAMBRASBAMBA;GOCA;0;9;24;RURAL;A;A;M;A
376;AMAZONAS;BONGARA;YAMBRASBAMBA;EL PORVENIR;0;12;31;RURAL;A;M;M;B
377;AMAZONAS;BONGARA;YAMBRASBAMBA;PERLA MAYO;0;39;204;RURAL;A;A;B;M
378;AMAZONAS;BONGARA;YAMBRASBAMBA;FLOR DEL VALLE;0;9;36;RURAL;B;M;A;M
379;AMAZONAS;BONGARA;YAMBRASBAMBA;SAN JOSE;0;22;97;RURAL;M;M;M;M
380;AMAZONAS;CONDORCANQUI;NIEVA;SANTA MARIA DE NIEVA;1;534;2059;URBANO;M;B;B;M
381;AMAZONAS;CONDORCANQUI;NIEVA;KUSUMATAK;0;20;95;RURAL;B;M;B;M
382;AMAZONAS;CONDORCANQUI;NIEVA;PUNTON WAJAL;0;13;58;RURAL;M;A;A;A
383;AMAZONAS;CONDORCANQUI;NIEVA;TSAMAJAIN;0;33;132;RURAL;B;B;M;B
384;AMAZONAS;CONDORCANQUI;NIEVA;SAASA;0;23;111;RURAL;M;B;M;M
385;AMAZONAS;CONDORCANQUI;NIEVA;DATEM ENTSA;0;26;115;RURAL;M;B;M;A
386;AMAZONAS;CONDORCANQUI;NIEVA;ATSAKUS;0;55;212;RURAL;A;B;M;A
387;AMAZONAS;CONDORCANQUI;NIEVA;BAJO PUPUNTAS;0;41;174;RURAL;A;B;M;A
388;AMAZONAS;CONDORCANQUI;NIEVA;YUMINGKUS;0;57;243;RURAL;M;A;B;B
389;AMAZONAS;CONDORCANQUI;NIEVA;PUMPUSHAK;0;31;84;RURAL;M;A;A;A
390;AMAZONAS;CONDORCANQUI;NIEVA;ALTO KUIT;0;26;136;RURAL;B;M;A;M
391;AMAZONAS;CONDORCANQUI;NIEVA;KASHAK;0;5;19;RURAL;A;B;A;M
392;AMAZONAS;CONDORCANQUI;NIEVA;BASHUTAK;0;41;189;RURAL;A;B;M;A
393;AMAZONAS;CONDORCANQUI;NIEVA;IDEAL;0;34;168;RURAL;A;A;B;A
394;AMAZONAS;CONDORCANQUI;NIEVA;BARRANQUITA;0;17;65;RURAL;A;M;A;M
395;AMAZONAS;CONDORCANQUI;NIEVA;NUEVO KUITH;0;30;110;RURAL;B;B;A;M
396;AMAZONAS;CONDORCANQUI;NIEVA;JOSE TAIJIM;0;12;55;RURAL;B;M;B;B
397;AMAZONAS;CONDORCANQUI;NIEVA;PUJUPAT;0;15;70;RURAL;A;A;A;B
398;AMAZONAS;CONDORCANQUI;NIEVA;CHAPIZA;0;24;65;RURAL;M;B;B;B
399;AMAZONAS;CONDORCANQUI;NIEVA;MIRAFLORES;0;5;18;RURAL;B;A;B;M
400;AMAZONAS;CONDORCANQUI;NIEVA;BAJO CANAMPA;0;55;269;RURAL;A;M;A;A
401;AMAZONAS;CONDORCANQUI;NIEVA;ALTO CANAMPA;0;29;88;RURAL;M;A;B;B
402;AMAZONAS;CONDORCANQUI;NIEVA;WASHUNTSA;0;20;56;RURAL;M;A;A;M
403;AMAZONAS;CONDORCANQUI;NIEVA;CIRO ALEGRIA;0;83;360;RURAL;M;M;M;A
404;AMAZONAS;CONDORCANQUI;NIEVA;BAJO PAJACUSA;0;38;88;RURAL;B;B;A;A
405;AMAZONAS;BONGARA;CHISQUILLA;TIALANGO;0;8;32;RURAL;A;A;B;M
406;AMAZONAS;BONGARA;CHISQUILLA;YERBA BUENA;0;6;17;RURAL;M;B;A;M
407;AMAZONAS;BONGARA;CHURUJA;CHURUJA;1;62;248;URBANO;M;M;B;A
408;AMAZONAS;BONGARA;CHURUJA;LA LAGUNA;0;4;11;RURAL;A;M;A;M
409;AMAZONAS;BONGARA;COROSHA;COROSHA;1;24;100;URBANO;A;A;A;B
410;AMAZONAS;BONGARA;COROSHA;CRUCE;0;6;21;RURAL;M;B;M;A
411;AMAZONAS;BONGARA;COROSHA;BEIRUT;0;105;362;RURAL;A;B;B;A
412;AMAZONAS;BONGARA;COROSHA;QUEBRADA HONDA;0;11;49;RURAL;A;A;M;A
413;AMAZONAS;BONGARA;COROSHA;LA CHORRERA;0;6;14;RURAL;M;A;B;A
414;AMAZONAS;BONGARA;COROSHA;LA BANDA;0;15;10;RURAL;M;A;M;A
415;AMAZONAS;BONGARA;COROSHA;PUNTA;0;11;33;RURAL;B;B;B;B
416;AMAZONAS;BONGARA;COROSHA;ZARUMILLA;0;5;13;RURAL;A;B;A;M
417;AMAZONAS;BONGARA;COROSHA;SANTA CRUZ;0;4;12;RURAL;M;B;A;B
418;AMAZONAS;BONGARA;COROSHA;METAL;0;6;14;RURAL;B;B;B;B
419;AMAZONAS;BONGARA;COROSHA;PUEBLO JOVEN;0;12;39;RURAL;A;B;B;B
420;AMAZONAS;BONGARA;CUISPES;CUISPES;1;109;364;URBANO;B;B;M;A
421;AMAZONAS;BONGARA;CUISPES;CAMBULLI;0;9;29;RURAL;B;A;A;B
422;AMAZONAS;BONGARA;CUISPES;COLMENA;0;18;68;RURAL;B;B;B;B
423;AMAZONAS;BONGARA;CUISPES;FANRE;0;53;160;RURAL;M;M;B;A
424;AMAZONAS;BONGARA;CUISPES;TINGO;0;29;39;RURAL;B;M;M;M
425;AMAZONAS;BONGARA;CUISPES;PORVENIR;0;24;60;RURAL;B;A;B;B
426;AMAZONAS;BONGARA;CUISPES;PIZARRO;0;12;12;RURAL;M;B;B;A
427;AMAZONAS;BAGUA;ARAMANGO;LA PALMA;0;24;70;RURAL;M;B;M;A
428;AMAZONAS;BAGUA;ARAMANGO;EL PALMITO;0;15;23;RURAL;M;B;B;M
429;AMAZONAS;BAGUA;ARAMANGO;NUEVO GUAYAQUIL;0;13;73;RURAL;A;A;B;A
430;AMAZONAS;BAGUA;ARAMANGO;SAN CRISTOBAL;0;12;49;RURAL;M;B;A;A
431;AMAZONAS;BAGUA;ARAMANGO;CAMPO BONITO;0;106;268;RURAL;M;A;B;B
432;AMAZONAS;BAGUA;ARAMANGO;SANTA CLARA;0;54;187;RURAL;A;B;A;A
433;AMAZONAS;BAGUA;ARAMANGO;MONTE SECO;0;38;152;RURAL;B;B;B;B
434;AMAZONAS;BAGUA;ARAMANGO;EL PORVENIR;0;200;673;RURAL;A;B;M;B
435;AMAZONAS;BAGUA;ARAMANGO;CLAVEL;0;19;83;RURAL;B;B;A;B
436;AMAZONAS;BAGUA;ARAMANGO;NUEVA ESPERANZA;0;19;70;RURAL;M;B;M;B
437;AMAZONAS;BAGUA;ARAMANGO;CORAZON DE MARIA;0;31;68;RURAL;B;M;B;B
438;AMAZONAS;BAGUA;ARAMANGO;NUEVO ILUCAN;0;27;56;RURAL;A;B;M;M
439;AMAZONAS;BAGUA;ARAMANGO;TIPUCO;0;17;73;RURAL;M;M;A;M
440;AMAZONAS;BAGUA;ARAMANGO;SHAWE;0;21;90;RURAL;B;M;M;A
441;AMAZONAS;BAGUA;ARAMANGO;CHONTAS;0;29;84;RURAL;B;B;A;B
442;AMAZONAS;BAGUA;ARAMANGO;PALMERAS;0;10;35;RURAL;M;B;M;A
443;AMAZONAS;BAGUA;ARAMANGO;PALMITO;0;4;11;RURAL;M;M;M;B
444;AMAZONAS;BAGUA;ARAMANGO;EL EUCALIPTO;0;10;41;RURAL;M;M;M;B
445;AMAZONAS;BAGUA;ARAMANGO;SANTA MARIA;0;6;25;RURAL;B;B;M;A
446;AMAZONAS;BAGUA;ARAMANGO;EUCALIPTO PERU;0;7;23;RURAL;B;A;B;B
447;AMAZONAS;BAGUA;ARAMANGO;PUERTO POMARA;0;22;57;RURAL;M;B;B;A
448;AMAZONAS;BAGUA;ARAMANGO;YAMAKAI;0;3;13;RURAL;A;A;A;A
449;AMAZONAS;BAGUA;ARAMANGO;LA COLMENA;0;9;27;RURAL;A;B;M;A
450;AMAZONAS;BAGUA;ARAMANGO;JANGALA;0;10;19;RURAL;M;B;B;A
451;AMAZONAS;BAGUA;COPALLIN;COPALLIN;1;631;1858;URBANO;A;A;B;A
452;AMAZONAS;BAGUA;COPALLIN;CAMBIO PITEC;0;66;188;RURAL;A;B;B;A
453;AMAZONAS;BAGUA;COPALLIN;CHONZA LAGUNA;0;76;239;RURAL;B;B;A;B
454;AMAZONAS;BAGUA;COPALLIN;PALMA CEDRAL;0;23;40;RURAL;B;B;A;A
455;AMAZONAS;BAGUA;COPALLIN;LA PALMA;0;62;179;RURAL;M;A;A;B
456;AMAZONAS;BAGUA;COPALLIN;SAN JOSE ALTO;0;27;101;RURAL;B;A;B;B
457;AMAZONAS;BAGUA;COPALLIN;MONTE DE LOS OLIVOS;0;45;154;RURAL;B;M;M;B
458;AMAZONAS;BAGUA;COPALLIN;SANTA CRUZ DE MOROCHAL;0;59;234;RURAL;B;A;M;M
459;AMAZONAS;BAGUA;COPALLIN;EL PORVENIR;0;34;143;RURAL;B;A;A;A
460;AMAZONAS;BAGUA;COPALLIN;CHONZA MEDIA;0;9;29;RURAL;A;B;B;A
461;AMAZONAS;BAGUA;COPALLIN;CHONZA BAJA;0;15;37;RURAL;A;A;M;A
462;AMAZONAS;BAGUA;COPALLIN;LIRIO DE LOS VALLES;0;45;160;RURAL;A;M;A;A
463;AMAZONAS;BAGUA;COPALLIN;CA헤 BRAVA;0;59;109;RURAL;B;A;M;M
464;AMAZONAS;BAGUA;COPALLIN;EL YUYO;0;48;190;RURAL;A;A;B;M
465;AMAZONAS;BAGUA;COPALLIN;LA PRADERA;0;8;13;RURAL;M;B;B;B
466;AMAZONAS;BAGUA;COPALLIN;PALO GRANDE;0;34;59;RURAL;A;M;B;M
467;AMAZONAS;BAGUA;COPALLIN;PAN DE AZUCAR;0;68;275;RURAL;B;M;A;A
468;AMAZONAS;BAGUA;COPALLIN;LLUHUANA;0;205;728;RURAL;A;M;A;M
469;AMAZONAS;BAGUA;COPALLIN;SANTA ANA;0;31;89;RURAL;A;B;B;A
470;AMAZONAS;BAGUA;COPALLIN;LA CRUZ;0;32;90;RURAL;M;M;M;M
471;AMAZONAS;BAGUA;COPALLIN;CHUNGUINA ALTA;0;13;46;RURAL;B;A;B;B
472;AMAZONAS;BAGUA;COPALLIN;MIRAFLORES;0;5;23;RURAL;M;A;A;A
473;AMAZONAS;BAGUA;COPALLIN;PALACIOS;0;46;80;RURAL;B;B;A;A
474;AMAZONAS;BAGUA;COPALLIN;ALENYA;0;139;449;RURAL;M;A;B;B
475;AMAZONAS;BAGUA;COPALLIN;CHUNGUINA BAJA;0;34;113;RURAL;B;B;B;M
476;AMAZONAS;BAGUA;COPALLIN;SAN JOSE BAJO;0;69;206;RURAL;B;M;A;M
477;AMAZONAS;BAGUA;COPALLIN;SAN ANTONIO;0;6;10;RURAL;A;A;B;A
478;AMAZONAS;BAGUA;COPALLIN;EL ROBLE;0;5;21;RURAL;A;B;B;M
479;AMAZONAS;BAGUA;COPALLIN;SANTA CLARA;0;33;116;RURAL;A;M;A;A
480;AMAZONAS;BAGUA;COPALLIN;EL CHALAN;0;10;43;RURAL;A;B;M;A
481;AMAZONAS;BAGUA;COPALLIN;HUARANGUILLO;0;9;31;RURAL;M;A;B;A
482;AMAZONAS;BAGUA;COPALLIN;SAN ROQUE WACSON;0;30;59;RURAL;B;A;M;B
483;AMAZONAS;BAGUA;EL PARCO;EL PARCO;1;176;651;URBANO;B;A;A;M
484;AMAZONAS;BAGUA;EL PARCO;TOLOPAMPA;0;65;228;RURAL;B;A;A;A
485;AMAZONAS;BAGUA;EL PARCO;CHEPEN;0;26;125;RURAL;A;A;B;B
486;AMAZONAS;BAGUA;EL PARCO;PUERTO BOLIVAR;0;10;18;RURAL;A;B;M;A
487;AMAZONAS;BAGUA;EL PARCO;BUENOS AIRES;0;50;108;RURAL;M;B;M;M
488;AMAZONAS;BAGUA;EL PARCO;SAN JOSE;0;22;96;RURAL;B;M;A;B
489;AMAZONAS;BAGUA;EL PARCO;MACACUNA;0;11;28;RURAL;B;B;M;M
490;AMAZONAS;BAGUA;EL PARCO;SAN LUIS;0;6;18;RURAL;M;B;A;A
491;AMAZONAS;BAGUA;IMAZA;CHIRIACO;1;311;1232;URBANO;M;A;M;M
492;AMAZONAS;BAGUA;IMAZA;CHICAIS;0;64;265;RURAL;B;M;B;A
493;AMAZONAS;BAGUA;IMAZA;NUEVA VIDA;0;24;97;RURAL;B;M;B;B
494;AMAZONAS;BAGUA;IMAZA;JEMPETS;0;16;68;RURAL;M;M;B;M
495;AMAZONAS;BAGUA;IMAZA;SAN PABLO;0;39;196;RURAL;A;B;A;A
496;AMAZONAS;BAGUA;IMAZA;CENTRO WAWIK;0;92;422;RURAL;B;M;B;M
497;AMAZONAS;BAGUA;IMAZA;WEE;0;24;118;RURAL;A;A;M;B
498;AMAZONAS;BAGUA;IMAZA;LISTRA;0;40;205;RURAL;M;B;B;M
499;AMAZONAS;BAGUA;IMAZA;KUSU;0;75;323;RURAL;A;M;A;B
500;AMAZONAS;BAGUA;IMAZA;CHAPI;0;43;185;RURAL;A;B;B;M
501;AMAZONAS;BAGUA;IMAZA;SAN MATEO;0;7;28;RURAL;M;A;A;A
502;AMAZONAS;BAGUA;IMAZA;CHIPE;0;132;749;URBANO;B;B;B;B
503;AMAZONAS;BAGUA;IMAZA;NUEVO JERUSALEN;0;5;18;RURAL;A;M;M;B
504;AMAZONAS;BAGUA;IMAZA;NUMPATKAIM;0;73;352;RURAL;B;B;B;B
505;AMAZONAS;BAGUA;IMAZA;NUEVO BELEN;0;73;371;RURAL;M;B;M;B
506;AMAZONAS;BAGUA;IMAZA;ALAN GARCIA (TRES PUENTES);0;8;43;RURAL;M;M;A;A
507;AMAZONAS;BAGUA;IMAZA;COCHA VERDE;0;37;190;RURAL;B;M;A;M
508;AMAZONAS;BAGUA;IMAZA;NUEVA ESPERANZA;0;25;108;RURAL;M;A;M;B
509;AMAZONAS;BAGUA;IMAZA;NUEVO HUANCABAMBA;0;50;177;RURAL;M;B;A;A
510;AMAZONAS;BAGUA;IMAZA;TUPAC AMARU I;0;78;373;RURAL;A;B;B;M
511;AMAZONAS;BAGUA;IMAZA;BICHANAK;0;91;459;RURAL;B;A;A;B
512;AMAZONAS;BAGUA;IMAZA;WAWIKO WAWICO;0;36;106;RURAL;M;M;M;M
513;AMAZONAS;BAGUA;IMAZA;SHUSHUI;0;40;196;RURAL;B;B;M;A
514;AMAZONAS;BAGUA;IMAZA;CHIJA;0;30;175;RURAL;A;A;B;M
515;AMAZONAS;BAGUA;IMAZA;PUMPU;0;19;87;RURAL;M;B;M;B
516;AMAZONAS;BAGUA;IMAZA;WAJUYAK;0;5;20;RURAL;M;M;B;M
517;AMAZONAS;BAGUA;IMAZA;ACHU;0;29;128;RURAL;A;B;B;B
518;AMAZONAS;BAGUA;IMAZA;PAKUI;0;19;104;RURAL;A;A;M;M
519;AMAZONAS;BAGUA;IMAZA;TUNIM;0;12;56;RURAL;A;B;A;A
520;AMAZONAS;BAGUA;IMAZA;WAYAMPIAK (TUYANKUWAS);0;70;403;RURAL;A;B;B;M
521;AMAZONAS;BAGUA;IMAZA;KUCHA;0;35;150;RURAL;M;A;A;A
522;AMAZONAS;BAGUA;IMAZA;YANAT;0;49;266;RURAL;B;B;B;M
523;AMAZONAS;BAGUA;IMAZA;SIJIAK;0;72;329;RURAL;B;A;M;B
524;AMAZONAS;BAGUA;IMAZA;KAMPANENTSA;0;31;137;RURAL;B;B;M;A
525;AMAZONAS;BAGUA;IMAZA;UUT;0;66;285;RURAL;M;M;A;M
526;AMAZONAS;BAGUA;IMAZA;BUKUIG;0;26;131;RURAL;B;B;M;A
527;AMAZONAS;BAGUA;IMAZA;HUANTZA;0;58;291;RURAL;A;M;B;M
528;AMAZONAS;BAGUA;IMAZA;DUSHID;0;46;200;RURAL;M;M;A;M
529;AMAZONAS;BAGUA;IMAZA;PUTUIM;0;12;46;RURAL;B;B;A;M
530;AMAZONAS;BAGUA;IMAZA;YAMAYAKAT;0;71;228;RURAL;B;B;M;A
531;AMAZONAS;BAGUA;IMAZA;IMACITA;0;212;817;URBANO;B;M;B;A
532;AMAZONAS;BAGUA;IMAZA;LA UNION;0;16;65;RURAL;A;B;B;A
533;AMAZONAS;BAGUA;IMAZA;AGUAS TURBIAS;0;24;96;RURAL;M;M;A;A
534;AMAZONAS;BAGUA;IMAZA;KUSU GRANDE;0;43;167;RURAL;M;M;A;M
535;AMAZONAS;BAGUA;IMAZA;NUEVO CHOTA;0;29;97;RURAL;B;M;M;A
536;AMAZONAS;BAGUA;IMAZA;NUEVO HORIZONTE;0;35;140;RURAL;B;B;M;A
537;AMAZONAS;BAGUA;IMAZA;TEMASHNUM;0;101;404;RURAL;M;B;M;B
538;AMAZONAS;BAGUA;IMAZA;KUSU KUNCHIN;0;50;263;RURAL;A;A;A;B
539;AMAZONAS;BAGUA;IMAZA;KUNCHIN;0;112;583;RURAL;A;A;A;A
540;AMAZONAS;BAGUA;IMAZA;ALTO SHIMUTAS;0;66;312;RURAL;B;B;M;A
541;AMAZONAS;BAGUA;IMAZA;SUKUTIN;0;65;308;RURAL;B;M;M;M
542;AMAZONAS;BAGUA;IMAZA;PAANTAM;0;35;157;RURAL;A;A;B;M
543;AMAZONAS;BAGUA;IMAZA;SAN RAFAEL WINCHU;0;84;423;RURAL;M;M;A;A
544;AMAZONAS;BAGUA;IMAZA;MESONES MURO;0;120;421;RURAL;A;B;A;M
545;AMAZONAS;BAGUA;IMAZA;KUSU CHICO;0;39;186;RURAL;A;A;B;M
546;AMAZONAS;BAGUA;IMAZA;KUSUIM;0;29;144;RURAL;B;A;B;A
547;AMAZONAS;BAGUA;IMAZA;BAKANTS;0;35;191;RURAL;B;M;M;B
548;AMAZONAS;BAGUA;IMAZA;AGKUSHP;0;16;86;RURAL;A;A;A;M
549;AMAZONAS;BAGUA;IMAZA;SHIMPUENTS;0;31;156;RURAL;A;B;M;B
550;AMAZONAS;BAGUA;IMAZA;WAWAIM (TUNTUNKUS);0;49;256;RURAL;M;M;A;A
551;AMAZONAS;BAGUA;IMAZA;TSAG ENTSA;0;45;221;RURAL;M;A;B;M
552;AMAZONAS;BAGUA;IMAZA;NAZARETH;0;92;460;RURAL;B;M;B;B
553;AMAZONAS;BAGUA;IMAZA;WAMPINTSA;0;27;118;RURAL;B;B;B;M
554;AMAZONAS;BAGUA;IMAZA;SAMAREN;0;18;65;RURAL;M;M;B;B
555;AMAZONAS;BAGUA;IMAZA;YUPICUSA;0;113;549;RURAL;M;B;A;A
556;AMAZONAS;BAGUA;IMAZA;SAN RAMON;0;55;254;RURAL;M;M;M;A
557;AMAZONAS;BAGUA;IMAZA;YANGUNGA;0;14;63;RURAL;B;B;M;A
558;AMAZONAS;BAGUA;IMAZA;PUERTO PACUY;0;33;143;RURAL;A;M;A;B
559;AMAZONAS;BAGUA;IMAZA;SHUSHUG;0;60;257;RURAL;M;B;B;M
560;AMAZONAS;BAGUA;IMAZA;PAKUY;0;46;181;RURAL;M;A;A;M
561;AMAZONAS;BAGUA;IMAZA;BETHEL JAYAIS;0;47;263;RURAL;M;A;A;B
562;AMAZONAS;BAGUA;IMAZA;TUNTUNGOS;0;32;161;RURAL;M;A;M;B
563;AMAZONAS;BAGUA;IMAZA;NUMPARQUE;0;24;113;RURAL;B;M;M;A
564;AMAZONAS;BAGUA;IMAZA;WAWAS;0;62;312;RURAL;M;M;M;A
565;AMAZONAS;BAGUA;IMAZA;DURAND;0;31;128;RURAL;M;M;M;A
566;AMAZONAS;BAGUA;IMAZA;WICHIM;0;26;126;RURAL;B;M;B;M
567;AMAZONAS;BAGUA;IMAZA;ALMENDRO;0;18;69;RURAL;B;M;B;M
568;AMAZONAS;BAGUA;IMAZA;NAYUMPIN;0;16;75;RURAL;B;B;M;A
569;AMAZONAS;BAGUA;IMAZA;TEESH;0;18;110;RURAL;B;M;M;A
570;AMAZONAS;BAGUA;IMAZA;AYAI ENTSA;0;21;99;RURAL;M;M;A;M
571;AMAZONAS;BAGUA;IMAZA;UMUKAY;0;52;280;RURAL;A;A;M;B
572;AMAZONAS;BAGUA;IMAZA;CURVA;0;22;135;RURAL;M;M;B;M
573;AMAZONAS;BAGUA;IMAZA;NUEVO SALEN;0;24;118;RURAL;B;A;A;A
574;AMAZONAS;BAGUA;IMAZA;NUEVO SAMARIA;0;12;62;RURAL;B;B;M;M
575;AMAZONAS;BAGUA;IMAZA;TAGKE ENTSA;0;17;110;RURAL;B;M;A;M
576;AMAZONAS;BAGUA;IMAZA;KUSU CHAPI;0;42;180;RURAL;B;M;A;A
577;AMAZONAS;BAGUA;IMAZA;PAGKI;0;23;116;RURAL;A;A;B;B
578;AMAZONAS;BAGUA;IMAZA;BOCA DE LOBO;0;16;67;RURAL;B;M;B;M
579;AMAZONAS;BAGUA;IMAZA;MEENTE;0;32;140;RURAL;A;A;M;A
580;AMAZONAS;BAGUA;IMAZA;VILLA HERMOSA;0;18;60;RURAL;B;A;B;M
581;AMAZONAS;BAGUA;IMAZA;NAYAP;0;11;49;RURAL;A;B;M;A
582;AMAZONAS;BAGUA;IMAZA;UYAC ENTSA;0;5;32;RURAL;M;B;M;A
583;AMAZONAS;BAGUA;IMAZA;CHINIM;0;26;122;RURAL;A;M;B;A
584;AMAZONAS;BAGUA;IMAZA;UYUENTSA;0;9;48;RURAL;A;B;B;M
585;AMAZONAS;BAGUA;IMAZA;EPEMIMU;0;49;249;RURAL;M;A;M;B
586;AMAZONAS;BAGUA;IMAZA;ALTO DAPINZA;0;8;48;RURAL;A;M;B;M
587;AMAZONAS;BAGUA;IMAZA;VILLA RICA;0;16;74;RURAL;B;A;M;M
588;AMAZONAS;BAGUA;IMAZA;MICHANAC;0;5;22;RURAL;A;M;M;B
589;AMAZONAS;BAGUA;IMAZA;SAUNAK;0;7;17;RURAL;B;A;B;M
590;AMAZONAS;BAGUA;IMAZA;ALTO WAWAS;0;5;16;RURAL;M;B;A;M
591;AMAZONAS;BAGUA;IMAZA;ALTO WAWIM;0;13;67;RURAL;B;B;M;B
592;AMAZONAS;BAGUA;IMAZA;PONGO;0;4;16;RURAL;B;B;B;A
593;AMAZONAS;BAGUA;IMAZA;KAYA WASHU;0;7;32;RURAL;B;A;A;B
594;AMAZONAS;BAGUA;IMAZA;PITUG;0;13;51;RURAL;B;M;A;A
595;AMAZONAS;BAGUA;IMAZA;INAYUA;0;31;131;RURAL;B;B;M;B
596;AMAZONAS;BAGUA;IMAZA;WACHINS;0;9;21;RURAL;A;B;A;B
597;AMAZONAS;BAGUA;IMAZA;RIO ESCONDIDO;0;9;34;RURAL;B;B;M;M
598;AMAZONAS;BAGUA;IMAZA;SAWI ENTSA;0;3;24;RURAL;M;B;B;M
599;AMAZONAS;BAGUA;IMAZA;CHAYU ATMSAMU;0;6;40;RURAL;M;B;M;M
600;AMAZONAS;BAGUA;IMAZA;UBUKAI;0;6;30;RURAL;A;A;B;A
601;AMAZONAS;BAGUA;IMAZA;PORVENIR;0;12;50;RURAL;B;A;M;A
602;AMAZONAS;BAGUA;IMAZA;EMAT;0;14;50;RURAL;A;M;A;M
603;AMAZONAS;BAGUA;IMAZA;SHIJAP;0;20;45;RURAL;A;B;A;B
604;AMAZONAS;BAGUA;IMAZA;BAKAIG KUNCHIN;0;22;93;RURAL;M;M;B;A
605;AMAZONAS;BONGARA;JUMBILLA;JUMBILLA;1;522;1385;URBANO;B;A;B;B
606;AMAZONAS;BONGARA;JUMBILLA;LAS PALMAS DE JUMBILLA;0;42;151;RURAL;M;A;B;M
607;AMAZONAS;BONGARA;JUMBILLA;CICSE;0;11;13;RURAL;M;A;B;M
608;AMAZONAS;BONGARA;CHISQUILLA;CHISQUILLA;1;40;140;URBANO;B;M;A;A
609;AMAZONAS;BONGARA;CHISQUILLA;CHILAC;0;35;111;RURAL;B;B;A;M
610;AMAZONAS;BONGARA;CUISPES;AGUAS CALIENTES;0;3;10;RURAL;B;M;A;M
611;AMAZONAS;BONGARA;CUISPES;COCAPAMPA;0;11;19;RURAL;A;M;M;A
612;AMAZONAS;BONGARA;FLORIDA;FLORIDA (POMACOCHAS);1;775;3570;URBANO;A;A;B;B
613;AMAZONAS;BONGARA;FLORIDA;SAN JOSE;0;77;172;RURAL;M;M;M;M
614;AMAZONAS;BONGARA;FLORIDA;MOICELA;0;18;11;RURAL;M;B;M;A
615;AMAZONAS;BONGARA;FLORIDA;CUIBAL;0;32;70;RURAL;A;M;A;B
616;AMAZONAS;BONGARA;FLORIDA;EL PORVENIR;0;109;333;RURAL;A;M;A;M
617;AMAZONAS;BONGARA;FLORIDA;SAN LORENZO;0;96;282;RURAL;A;A;B;A
618;AMAZONAS;BONGARA;FLORIDA;PALCA;0;15;26;RURAL;M;B;A;M
619;AMAZONAS;BONGARA;FLORIDA;KILA;0;25;21;RURAL;B;B;B;B
620;AMAZONAS;BONGARA;FLORIDA;CUIJAC;0;14;21;RURAL;A;A;A;B
621;AMAZONAS;BONGARA;FLORIDA;JINCHICA;0;16;14;RURAL;A;M;A;B
622;AMAZONAS;BONGARA;FLORIDA;LEVANTO;0;25;21;RURAL;M;A;A;A
623;AMAZONAS;BONGARA;FLORIDA;MIRAFLORES DE LEVANTO;0;45;138;RURAL;M;B;A;A
624;AMAZONAS;BONGARA;FLORIDA;NUEVO GUALULO;0;146;396;RURAL;A;A;M;B
625;AMAZONAS;BONGARA;FLORIDA;FICHAC;0;32;147;RURAL;A;M;A;A
626;AMAZONAS;BONGARA;FLORIDA;EL CHIDO;0;59;93;RURAL;M;A;M;M
627;AMAZONAS;BONGARA;FLORIDA;CHIRON;0;6;24;RURAL;M;A;B;B
628;AMAZONAS;BONGARA;FLORIDA;CARRERA;0;94;308;RURAL;B;B;B;A
629;AMAZONAS;BONGARA;FLORIDA;PACHE;0;17;40;RURAL;A;A;M;B
630;AMAZONAS;BONGARA;FLORIDA;PE헤 BLANCA;0;21;45;RURAL;A;M;M;A
631;AMAZONAS;BONGARA;FLORIDA;VISTA FLORIDA;0;57;183;RURAL;M;B;M;B
632;AMAZONAS;BONGARA;FLORIDA;CORAZON YACU;0;20;10;RURAL;M;B;A;M
633;AMAZONAS;BONGARA;FLORIDA;LAPA;0;7;24;RURAL;B;A;M;M
634;AMAZONAS;BONGARA;FLORIDA;CANGREJAL;0;21;59;RURAL;A;B;B;B
635;AMAZONAS;BONGARA;FLORIDA;VEINTISIETE;0;33;101;RURAL;B;A;A;A
636;AMAZONAS;BONGARA;FLORIDA;HUEMBO;0;11;12;RURAL;M;B;A;M
637;AMAZONAS;BONGARA;FLORIDA;PUENTECHIDO;0;7;31;RURAL;B;B;B;B
638;AMAZONAS;BONGARA;JAZAN;PEDRO RUIZ GALLO;1;1414;5602;URBANO;A;M;M;M
639;AMAZONAS;BONGARA;JAZAN;BARRIO SALINAS;0;7;16;RURAL;A;M;B;B
640;AMAZONAS;BONGARA;JAZAN;BARRIO NUEVA ESPERANZA;0;23;74;RURAL;A;M;B;B
641;AMAZONAS;BONGARA;JAZAN;CHAQUIL;0;24;97;RURAL;B;M;B;B
642;AMAZONAS;BONGARA;JAZAN;SUYUBAMBA;0;130;458;RURAL;M;A;A;M
643;AMAZONAS;BONGARA;JAZAN;BARRIO EL EDEN;0;34;157;RURAL;A;B;A;B
644;AMAZONAS;BONGARA;JAZAN;CHOSGON;0;187;737;URBANO;A;A;M;M
645;AMAZONAS;BONGARA;JAZAN;SE헲R DE LOS MILAGROS;0;24;101;RURAL;M;A;A;B
646;AMAZONAS;BONGARA;JAZAN;SAN JERONIMO;0;125;491;URBANO;B;M;A;M
647;AMAZONAS;BONGARA;JAZAN;ALUMBRE;0;13;37;RURAL;A;B;A;B
648;AMAZONAS;BONGARA;JAZAN;PALO SECO;0;17;45;RURAL;M;A;M;A
649;AMAZONAS;BONGARA;JAZAN;DONCE;0;44;76;RURAL;M;B;A;M
650;AMAZONAS;BONGARA;JAZAN;CUCHULIA;0;54;163;RURAL;B;B;M;A
651;AMAZONAS;BONGARA;JAZAN;LA UNION;0;26;73;RURAL;B;A;A;A
652;AMAZONAS;BONGARA;JAZAN;MARAYPATA;0;4;12;RURAL;B;A;M;A
653;AMAZONAS;BONGARA;JAZAN;ISHANGA;0;10;36;RURAL;A;B;B;A
654;AMAZONAS;BONGARA;JAZAN;PEDRO RUIZ;0;5;18;RURAL;B;M;B;M
655;AMAZONAS;BONGARA;JAZAN;LIMA PAMPA;0;24;102;RURAL;M;B;M;B
656;AMAZONAS;BONGARA;RECTA;RECTA;1;32;80;URBANO;M;B;M;M
657;AMAZONAS;BONGARA;RECTA;TEATA;0;15;32;RURAL;M;B;B;B
658;AMAZONAS;BONGARA;RECTA;HUANSHO;0;7;10;RURAL;B;B;A;M
659;AMAZONAS;BONGARA;RECTA;JEPA;0;3;11;RURAL;M;A;B;B
660;AMAZONAS;BONGARA;RECTA;PUEBLO NUEVO;0;5;14;RURAL;B;B;B;B
661;AMAZONAS;BONGARA;RECTA;CHUELTA;0;28;80;RURAL;A;M;B;B
662;AMAZONAS;BONGARA;SAN CARLOS;SAN CARLOS;1;106;295;URBANO;A;M;M;M
663;AMAZONAS;BONGARA;SAN CARLOS;COCATA;0;10;16;RURAL;A;M;A;M
664;AMAZONAS;BONGARA;SAN CARLOS;NUEVA COLOMBIA;0;7;29;RURAL;B;B;M;B
665;AMAZONAS;BONGARA;SHIPASBAMBA;SHIPASBAMBA;1;213;788;URBANO;A;A;M;A
666;AMAZONAS;BONGARA;SHIPASBAMBA;LA UNION;0;42;122;RURAL;M;M;M;B
667;AMAZONAS;BONGARA;SHIPASBAMBA;ALVA;0;15;10;RURAL;M;A;A;B
668;AMAZONAS;BONGARA;SHIPASBAMBA;FLORIDA;0;23;64;RURAL;A;A;M;A
669;AMAZONAS;BONGARA;SHIPASBAMBA;COMBOCA;0;54;193;RURAL;B;B;M;A
670;AMAZONAS;BONGARA;SHIPASBAMBA;SAN JUAN DE SALINAS;0;11;19;RURAL;M;B;B;B
671;AMAZONAS;BONGARA;SHIPASBAMBA;MINAS DE FLORIDA;0;1;10;RURAL;A;B;B;M
672;AMAZONAS;BONGARA;SHIPASBAMBA;NUEVO CUMBA;0;24;85;RURAL;A;M;B;B
673;AMAZONAS;BONGARA;SHIPASBAMBA;SAN PABLO;0;11;51;RURAL;A;A;B;M
674;AMAZONAS;BONGARA;VALERA;VALERA (SAN PABLO);1;122;426;URBANO;B;M;B;M
675;AMAZONAS;BONGARA;VALERA;NUEVO HORIZONTE;0;60;250;RURAL;A;M;M;B
676;AMAZONAS;BONGARA;VALERA;MATIAZA RIMACHI;0;31;124;RURAL;B;B;B;A
677;AMAZONAS;BONGARA;VALERA;COCACHIMBA;0;54;220;RURAL;B;M;A;A
678;AMAZONAS;BONGARA;VALERA;SANTA CRUZ;0;6;14;RURAL;A;M;B;M
679;AMAZONAS;BONGARA;VALERA;LA COCA;0;31;143;RURAL;M;A;M;A
680;AMAZONAS;BONGARA;VALERA;TINGORBAMBA;0;14;36;RURAL;B;B;A;A
681;AMAZONAS;BONGARA;YAMBRASBAMBA;YAMBRASBAMBA;1;136;661;URBANO;A;A;A;B
682;AMAZONAS;BONGARA;YAMBRASBAMBA;EL PROGRESO;0;197;756;URBANO;M;M;M;B
683;AMAZONAS;BONGARA;YAMBRASBAMBA;BUENOS AIRES;0;197;817;URBANO;M;M;B;A
684;AMAZONAS;BONGARA;YAMBRASBAMBA;VISTA ALEGRE;0;17;79;RURAL;B;B;B;M
685;AMAZONAS;BONGARA;YAMBRASBAMBA;OSO PERDIDO;0;20;58;RURAL;A;B;M;M
686;AMAZONAS;CONDORCANQUI;RIO SANTIAGO;ALTO YUTUPIS;0;48;199;RURAL;A;B;B;A
687;AMAZONAS;CONDORCANQUI;RIO SANTIAGO;YUTUPIS;0;256;1398;URBANO;A;A;M;M
688;AMAZONAS;CONDORCANQUI;RIO SANTIAGO;SHEBONAL;0;28;118;RURAL;B;B;A;M
689;AMAZONAS;CONDORCANQUI;RIO SANTIAGO;KAMIT ENTSA;0;18;84;RURAL;A;B;B;B
690;AMAZONAS;CONDORCANQUI;RIO SANTIAGO;GUAYABAL;0;63;287;RURAL;M;A;B;B
691;AMAZONAS;CONDORCANQUI;RIO SANTIAGO;FORTALEZA;0;20;88;RURAL;A;A;M;B
692;AMAZONAS;CONDORCANQUI;RIO SANTIAGO;KUGKUKIM;0;22;62;RURAL;B;A;M;A
693;AMAZONAS;CONDORCANQUI;RIO SANTIAGO;BELEN;0;91;370;RURAL;M;M;B;M
694;AMAZONAS;CONDORCANQUI;RIO SANTIAGO;YUJAGKIN (SAVIENTSA);0;72;223;RURAL;M;B;M;M
695;AMAZONAS;CONDORCANQUI;RIO SANTIAGO;KAYAMAS;0;21;80;RURAL;A;B;A;M
696;AMAZONAS;CONDORCANQUI;RIO SANTIAGO;ISLA GRANDE;0;63;257;RURAL;A;A;B;M
697;AMAZONAS;CONDORCANQUI;RIO SANTIAGO;SANTA ROSA;0;25;117;RURAL;A;B;B;B
698;AMAZONAS;CONDORCANQUI;RIO SANTIAGO;KAGKAS;0;54;253;RURAL;B;M;M;M
699;AMAZONAS;CONDORCANQUI;RIO SANTIAGO;SAN RAFAEL;0;46;212;RURAL;M;M;B;A
700;AMAZONAS;CONDORCANQUI;RIO SANTIAGO;PUMPUNA ENTZA;0;14;62;RURAL;A;A;B;A
701;AMAZONAS;CONDORCANQUI;RIO SANTIAGO;GEREZA;0;24;132;RURAL;B;B;A;A
702;AMAZONAS;CONDORCANQUI;RIO SANTIAGO;SAN JUAN;0;33;125;RURAL;M;M;B;B
703;AMAZONAS;CONDORCANQUI;RIO SANTIAGO;VARADERO DOS;0;11;59;RURAL;B;M;A;A
704;AMAZONAS;CONDORCANQUI;RIO SANTIAGO;TYPISHKA;0;21;98;RURAL;B;B;M;M
705;AMAZONAS;CONDORCANQUI;RIO SANTIAGO;NUEVA LUZ;0;7;36;RURAL;A;B;B;M
706;AMAZONAS;CONDORCANQUI;RIO SANTIAGO;SAN FRANSISCO;0;9;49;RURAL;A;B;A;M
707;AMAZONAS;CONDORCANQUI;RIO SANTIAGO;ESCUDERO;0;3;17;RURAL;B;M;A;M
708;AMAZONAS;CONDORCANQUI;RIO SANTIAGO;NUEVA ALIANZA;0;9;39;RURAL;M;B;A;B
709;AMAZONAS;CONDORCANQUI;RIO SANTIAGO;DEMOCRACIA;0;20;62;RURAL;M;B;M;M
710;AMAZONAS;CONDORCANQUI;RIO SANTIAGO;NAPINTS;0;16;69;RURAL;A;M;M;B
711;AMAZONAS;CONDORCANQUI;RIO SANTIAGO;UWI ENTSA;0;4;12;RURAL;A;A;M;M
712;AMAZONAS;CONDORCANQUI;RIO SANTIAGO;SAWI ENTSA;0;17;63;RURAL;B;A;A;M
713;AMAZONAS;LUYA;LAMUD;LAMUD;1;699;2010;URBANO;M;M;M;B
714;AMAZONAS;LUYA;LAMUD;CUEMAL;0;63;218;RURAL;M;B;A;M
715;AMAZONAS;LUYA;LAMUD;CUELON;0;9;26;RURAL;B;A;A;B
716;AMAZONAS;LUYA;LAMUD;CUSHPAURCO;0;14;17;RURAL;M;A;M;A
717;AMAZONAS;LUYA;LAMUD;CUILLCA;0;14;13;RURAL;B;A;B;B
718;AMAZONAS;LUYA;LAMUD;PUCACIOC;0;1;10;RURAL;M;B;B;A
719;AMAZONAS;LUYA;CAMPORREDONDO;CAMPORREDONDO;1;389;1360;URBANO;M;M;M;A
720;AMAZONAS;LUYA;CAMPORREDONDO;EL PARAISO;0;7;13;RURAL;A;A;B;A
721;AMAZONAS;LUYA;CAMPORREDONDO;LAS GALERAS;0;10;26;RURAL;A;A;B;A
722;AMAZONAS;LUYA;CAMPORREDONDO;TUPAC AMARU;0;57;209;RURAL;A;M;A;A
723;AMAZONAS;LUYA;CAMPORREDONDO;LA LIBERTAD;0;91;169;RURAL;B;M;A;B
724;AMAZONAS;LUYA;CAMPORREDONDO;GUADALUPE;0;270;1018;RURAL;M;M;B;A
725;AMAZONAS;LUYA;CAMPORREDONDO;COCOCHO;0;555;2483;URBANO;M;M;B;B
726;AMAZONAS;LUYA;CAMPORREDONDO;COCOCHO RURA;0;9;17;RURAL;B;A;A;M
727;AMAZONAS;LUYA;MARIA;CHOCOLLON;0;2;11;RURAL;A;M;B;B
728;AMAZONAS;LUYA;MARIA;CHOZ;0;6;15;RURAL;B;B;M;A
729;AMAZONAS;LUYA;MARIA;CUCHAPAMPA;0;25;99;RURAL;B;M;M;A
730;AMAZONAS;LUYA;MARIA;REJO;0;7;16;RURAL;M;B;M;M
731;AMAZONAS;LUYA;MARIA;QUIZANGO;0;51;134;RURAL;B;B;B;A
732;AMAZONAS;LUYA;MARIA;LANCHEPAMPA;0;15;40;RURAL;A;M;M;B
733;AMAZONAS;LUYA;MARIA;MANGALPA;0;13;37;RURAL;A;A;M;A
734;AMAZONAS;LUYA;MARIA;INGA TAMBO;0;3;18;RURAL;B;M;A;B
735;AMAZONAS;LUYA;OCALLI;OCALLI;1;394;1377;URBANO;B;B;M;B
736;AMAZONAS;LUYA;OCALLI;VISTA ALEGRE;0;21;65;RURAL;M;A;A;B
737;AMAZONAS;LUYA;OCALLI;SANTA ROSA;0;29;112;RURAL;B;A;A;B
738;AMAZONAS;LUYA;OCALLI;QUISPE;0;211;734;RURAL;B;A;A;B
739;AMAZONAS;LUYA;OCALLI;TACTAMAL;0;118;442;RURAL;A;B;A;M
740;AMAZONAS;LUYA;OCALLI;COCAPAMPA;0;24;102;RURAL;A;A;M;A
741;AMAZONAS;LUYA;OCALLI;DELO;0;45;168;RURAL;M;M;M;A
742;AMAZONAS;LUYA;OCALLI;BARRIO OPACHIN;0;18;33;RURAL;M;B;B;B
743;AMAZONAS;LUYA;OCALLI;CELCHO CUZCO;0;128;438;RURAL;B;A;B;A
744;AMAZONAS;LUYA;OCALLI;LIMA DULCE;0;4;10;RURAL;B;B;A;M
745;AMAZONAS;LUYA;OCALLI;LA JALCA;0;26;68;RURAL;B;B;M;A
746;AMAZONAS;LUYA;OCALLI;COMBLON;0;12;36;RURAL;A;B;B;B
747;AMAZONAS;LUYA;OCUMAL;COLLONCE;1;170;628;URBANO;A;M;M;B
748;AMAZONAS;LUYA;OCUMAL;LIMON;0;24;120;RURAL;M;A;A;B
749;AMAZONAS;LUYA;CAMPORREDONDO;SAN JOSE DE REJO;0;47;140;RURAL;M;A;A;B
750;AMAZONAS;LUYA;CAMPORREDONDO;ANGUCHE;0;4;15;RURAL;M;B;A;A
751;AMAZONAS;LUYA;CAMPORREDONDO;COMIA;0;20;71;RURAL;M;B;B;A
752;AMAZONAS;LUYA;CAMPORREDONDO;EL PALTO;0;52;161;RURAL;B;A;M;M
753;AMAZONAS;LUYA;CAMPORREDONDO;LAS AGUAS;0;14;37;RURAL;B;B;A;B
754;AMAZONAS;LUYA;CAMPORREDONDO;PILLIAS;0;37;111;RURAL;M;A;A;B
755;AMAZONAS;LUYA;CAMPORREDONDO;OCSHO;0;27;78;RURAL;M;B;M;A
756;AMAZONAS;LUYA;CAMPORREDONDO;SAN FRANCISCO;0;16;23;RURAL;A;B;A;A
757;AMAZONAS;LUYA;CAMPORREDONDO;PROGRESO (NUEVO PROGRESO);0;26;54;RURAL;B;M;A;A
758;AMAZONAS;LUYA;CAMPORREDONDO;PAMPA GRANDE;0;26;30;RURAL;A;B;A;B
759;AMAZONAS;LUYA;CAMPORREDONDO;EL NOQUE;0;5;20;RURAL;B;A;M;A
760;AMAZONAS;LUYA;CAMPORREDONDO;LUCMACUCHO;0;15;11;RURAL;B;B;M;B
761;AMAZONAS;LUYA;COCABAMBA;COCABAMBA;1;120;323;URBANO;B;A;M;M
762;AMAZONAS;LUYA;COCABAMBA;CUENTAS;0;32;110;RURAL;A;A;A;A
763;AMAZONAS;LUYA;COCABAMBA;CHUILLON;0;38;128;RURAL;B;A;M;A
764;AMAZONAS;LUYA;COCABAMBA;QUISQUIS;0;59;216;RURAL;A;M;B;M
765;AMAZONAS;LUYA;COCABAMBA;LA BALERIANA;0;20;40;RURAL;B;M;M;B
766;AMAZONAS;LUYA;COCABAMBA;BUILLAL;0;18;55;RURAL;A;B;A;A
767;AMAZONAS;LUYA;COCABAMBA;MUSHCA;0;15;52;RURAL;A;A;A;A
768;AMAZONAS;LUYA;COCABAMBA;MENDAN;0;62;194;RURAL;B;A;A;M
769;AMAZONAS;LUYA;COCABAMBA;YOMBLON;0;53;177;RURAL;A;M;A;M
770;AMAZONAS;LUYA;COCABAMBA;QUEMIA;0;39;107;RURAL;B;A;B;M
771;AMAZONAS;LUYA;COCABAMBA;CEDRO HUAYCO (CEDRO);0;2;15;RURAL;B;B;B;A
772;AMAZONAS;LUYA;COCABAMBA;DASHMAL;0;7;15;RURAL;B;B;B;M
773;AMAZONAS;LUYA;COCABAMBA;PAHUANA;0;4;11;RURAL;B;A;A;A
774;AMAZONAS;LUYA;COCABAMBA;LA GRANADILLA;0;3;15;RURAL;A;M;A;B
775;AMAZONAS;LUYA;COCABAMBA;BUENA VISTA;0;24;95;RURAL;M;B;B;A
776;AMAZONAS;LUYA;COCABAMBA;ARTEAGO;0;7;32;RURAL;A;A;B;M
777;AMAZONAS;LUYA;COCABAMBA;PACPAPAMPA;0;4;15;RURAL;B;A;B;B
778;AMAZONAS;LUYA;COCABAMBA;ASQUITA;0;7;30;RURAL;M;M;M;M
779;AMAZONAS;LUYA;COCABAMBA;CALSHANGO;0;10;15;RURAL;B;A;A;M
780;AMAZONAS;LUYA;COCABAMBA;BOTAN;0;12;43;RURAL;B;M;M;A
781;AMAZONAS;LUYA;COCABAMBA;BUENOS AIRES;0;8;23;RURAL;M;M;A;A
782;AMAZONAS;LUYA;COCABAMBA;PIRCAPAMPA;0;4;24;RURAL;B;M;B;B
783;AMAZONAS;LUYA;COCABAMBA;LAUREL;0;7;17;RURAL;A;M;B;M
784;AMAZONAS;LUYA;COCABAMBA;HUAICO;0;13;55;RURAL;B;B;A;M
785;AMAZONAS;LUYA;COCABAMBA;PUERTO;0;9;21;RURAL;M;B;M;A
786;AMAZONAS;CONDORCANQUI;NIEVA;CHINCAN;0;16;79;RURAL;B;M;B;M
787;AMAZONAS;CONDORCANQUI;NIEVA;DATEJ;0;17;104;RURAL;M;M;B;A
788;AMAZONAS;CONDORCANQUI;NIEVA;PIWAT;0;28;59;RURAL;M;B;A;A
789;AMAZONAS;CONDORCANQUI;NIEVA;CUZUMATAC;0;63;314;RURAL;B;A;M;A
790;AMAZONAS;CONDORCANQUI;NIEVA;CENTRO IPACUMA;0;85;416;RURAL;A;M;A;B
791;AMAZONAS;CONDORCANQUI;NIEVA;YUJAKIM;0;9;33;RURAL;M;B;B;M
792;AMAZONAS;CONDORCANQUI;NIEVA;PITUG;0;7;29;RURAL;A;B;B;M
793;AMAZONAS;CONDORCANQUI;NIEVA;TASAMACH;0;11;33;RURAL;A;A;B;M
794;AMAZONAS;CONDORCANQUI;NIEVA;LA TUNA;0;12;60;RURAL;M;B;M;B
795;AMAZONAS;CONDORCANQUI;NIEVA;TATAGKUS;0;10;38;RURAL;A;M;B;A
796;AMAZONAS;CONDORCANQUI;NIEVA;DAPIKAT;0;15;64;RURAL;B;A;M;B
797;AMAZONAS;CONDORCANQUI;NIEVA;WAWAIM;0;24;61;RURAL;M;A;B;B
798;AMAZONAS;CONDORCANQUI;NIEVA;JEMPETS;0;11;58;RURAL;B;M;A;A
799;AMAZONAS;CONDORCANQUI;NIEVA;LA TUNA ALIANZA;0;11;48;RURAL;M;B;B;M
800;AMAZONAS;CONDORCANQUI;NIEVA;INAYUAM;0;22;98;RURAL;M;B;A;A
801;AMAZONAS;CONDORCANQUI;NIEVA;KACHI;0;16;68;RURAL;B;A;B;B
802;AMAZONAS;CONDORCANQUI;NIEVA;PUTUSH ENTSA;0;16;56;RURAL;A;B;A;A
803;AMAZONAS;CONDORCANQUI;NIEVA;DEQUENTAI;0;15;78;RURAL;A;B;M;M
804;AMAZONAS;CONDORCANQUI;NIEVA;PEAS;0;11;36;RURAL;M;A;A;A
805;AMAZONAS;CONDORCANQUI;NIEVA;MAJANU ENTSA;0;29;72;RURAL;A;M;A;A
806;AMAZONAS;CONDORCANQUI;NIEVA;NUEVO BELEN;0;22;116;RURAL;A;M;A;B
807;AMAZONAS;CONDORCANQUI;NIEVA;PALESTINA;0;21;49;RURAL;A;M;A;A
808;AMAZONAS;CONDORCANQUI;NIEVA;KAWIT;0;22;72;RURAL;M;M;B;B
809;AMAZONAS;CONDORCANQUI;NIEVA;NUEVO PROGRESO;0;26;149;RURAL;M;M;A;M
810;AMAZONAS;CONDORCANQUI;NIEVA;TAYUNTSA VIEJO;0;14;73;RURAL;B;A;A;M
811;AMAZONAS;CONDORCANQUI;NIEVA;TSUTSUM;0;13;64;RURAL;B;M;M;A
812;AMAZONAS;CONDORCANQUI;NIEVA;BAJO WAISIN;0;21;76;RURAL;A;M;A;A
813;AMAZONAS;CONDORCANQUI;NIEVA;LA CURVA;0;17;68;RURAL;A;A;B;A
814;AMAZONAS;CONDORCANQUI;NIEVA;SHIMPU;0;16;59;RURAL;M;M;A;A
815;AMAZONAS;CONDORCANQUI;NIEVA;SANCHUM;0;10;52;RURAL;M;M;A;A
816;AMAZONAS;CONDORCANQUI;NIEVA;AWANASH;0;12;37;RURAL;B;A;B;A
817;AMAZONAS;CONDORCANQUI;NIEVA;JIBARO;0;8;43;RURAL;B;M;A;B
818;AMAZONAS;CONDORCANQUI;NIEVA;BAJO KASHAP;0;24;100;RURAL;B;A;M;A
819;AMAZONAS;CONDORCANQUI;NIEVA;SANTA ROSA;0;122;338;RURAL;M;B;A;B
820;AMAZONAS;CONDORCANQUI;NIEVA;YUTUI ENTSA;0;23;106;RURAL;B;A;B;M
821;AMAZONAS;CONDORCANQUI;NIEVA;SAWIENTSA;0;12;64;RURAL;M;M;B;A
822;AMAZONAS;CONDORCANQUI;EL CENEPA;HUAMPAMI;1;173;1088;URBANO;A;A;B;B
823;AMAZONAS;CONDORCANQUI;EL CENEPA;TUNIM;0;11;34;RURAL;B;A;A;B
824;AMAZONAS;CONDORCANQUI;EL CENEPA;PUTUIM;0;10;30;RURAL;A;M;A;B
825;AMAZONAS;CONDORCANQUI;EL CENEPA;UCHI NUMPATKAIM;0;6;17;RURAL;A;B;M;B
826;AMAZONAS;CONDORCANQUI;EL CENEPA;ANTIGUO KANAM;0;12;29;RURAL;A;M;A;A
827;AMAZONAS;CONDORCANQUI;EL CENEPA;NUEVO MAMAYAQUE;0;9;33;RURAL;A;B;B;B
828;AMAZONAS;CONDORCANQUI;EL CENEPA;SHAIM;0;55;260;RURAL;A;B;B;A
829;AMAZONAS;CONDORCANQUI;EL CENEPA;TEESH;0;24;106;RURAL;A;M;A;B
830;AMAZONAS;CONDORCANQUI;EL CENEPA;BUCHIGKIM;0;36;120;RURAL;A;A;B;B
831;AMAZONAS;CONDORCANQUI;EL CENEPA;WAWAJIN ENTSA;0;20;55;RURAL;A;M;M;A
832;AMAZONAS;CONDORCANQUI;EL CENEPA;NAJEM;0;12;50;RURAL;A;B;B;A
833;AMAZONAS;CONDORCANQUI;EL CENEPA;TUNAS;0;25;96;RURAL;A;A;B;B
834;AMAZONAS;CONDORCANQUI;EL CENEPA;TUWAG ENTSA;0;57;194;RURAL;M;B;B;A
835;AMAZONAS;CONDORCANQUI;EL CENEPA;TSE ASIM;0;30;126;RURAL;M;B;M;B
836;AMAZONAS;CONDORCANQUI;EL CENEPA;KUMPIN;0;35;146;RURAL;M;M;M;A
837;AMAZONAS;CONDORCANQUI;EL CENEPA;ACHU;0;54;230;RURAL;B;B;A;M
838;AMAZONAS;CONDORCANQUI;EL CENEPA;ANEXO PAGATA;0;87;460;RURAL;B;A;M;A
839;AMAZONAS;CONDORCANQUI;EL CENEPA;KUSU CHICO;0;122;460;RURAL;A;M;M;B
840;AMAZONAS;CONDORCANQUI;EL CENEPA;LA BANDA;0;7;46;RURAL;A;A;M;M
841;AMAZONAS;CONDORCANQUI;EL CENEPA;AINTAM;0;23;118;RURAL;B;A;A;B
842;AMAZONAS;CONDORCANQUI;EL CENEPA;CANGA;0;43;116;RURAL;A;B;B;B
843;AMAZONAS;CONDORCANQUI;EL CENEPA;KUSU KUBAIM;0;184;667;RURAL;M;M;M;B
844;AMAZONAS;CONDORCANQUI;EL CENEPA;PIJUAYAL;0;20;82;RURAL;M;M;B;A
845;AMAZONAS;CONDORCANQUI;EL CENEPA;ACHUIM;0;58;221;RURAL;A;M;M;B
846;AMAZONAS;CONDORCANQUI;EL CENEPA;SAN ANTONIO;0;26;132;RURAL;M;B;B;A
847;AMAZONAS;CONDORCANQUI;EL CENEPA;SUWA SAN ANTONIO;0;54;248;RURAL;M;M;B;B
848;AMAZONAS;CONDORCANQUI;EL CENEPA;NUEVA KANAM;0;32;137;RURAL;A;B;M;B
849;AMAZONAS;LUYA;COCABAMBA;TACTALUN;0;7;21;RURAL;A;A;M;B
850;AMAZONAS;LUYA;COCABAMBA;GRAMALOTE;0;10;23;RURAL;B;M;M;M
851;AMAZONAS;LUYA;COCABAMBA;RAMOSMONTE;0;10;24;RURAL;M;A;M;M
852;AMAZONAS;LUYA;COCABAMBA;LAGUNA SECA;0;4;19;RURAL;B;B;B;A
853;AMAZONAS;LUYA;COCABAMBA;DOS DE MAYO;0;13;37;RURAL;B;A;B;M
854;AMAZONAS;LUYA;COCABAMBA;ALTO HUALA;0;4;18;RURAL;M;A;A;M
855;AMAZONAS;LUYA;COCABAMBA;NUEVO HORIZONTE;0;10;36;RURAL;A;B;M;M
856;AMAZONAS;LUYA;COCABAMBA;LOS ALISOS;0;8;12;RURAL;A;M;A;B
857;AMAZONAS;LUYA;COCABAMBA;BARRIO NUEVO;0;8;19;RURAL;A;M;B;B
858;AMAZONAS;LUYA;COCABAMBA;ASHPUY;0;5;22;RURAL;M;A;B;B
859;AMAZONAS;LUYA;COCABAMBA;SANTA TERESITA;0;3;11;RURAL;B;B;M;A
860;AMAZONAS;LUYA;COCABAMBA;REMATE;0;5;15;RURAL;A;M;B;M
861;AMAZONAS;LUYA;COCABAMBA;NUEVO CANDEN;0;5;23;RURAL;M;M;B;M
862;AMAZONAS;LUYA;COLCAMAR;COLCAMAR;1;494;1394;URBANO;A;M;M;A
863;AMAZONAS;LUYA;COLCAMAR;VILAYA;0;21;118;RURAL;A;B;B;M
864;AMAZONAS;LUYA;COLCAMAR;GOLAC;0;8;11;RURAL;B;A;A;A
865;AMAZONAS;LUYA;COLCAMAR;PONAYA;0;34;65;RURAL;B;A;M;A
866;AMAZONAS;LUYA;COLCAMAR;LLACTAPAMPA;0;5;28;RURAL;B;B;M;A
867;AMAZONAS;LUYA;COLCAMAR;SHIPAMARCA;0;16;35;RURAL;M;M;M;M
868;AMAZONAS;LUYA;COLCAMAR;TELPES;0;5;12;RURAL;B;M;M;A
869;AMAZONAS;LUYA;COLCAMAR;COCHA;0;67;227;RURAL;M;M;M;B
870;AMAZONAS;LUYA;COLCAMAR;TUETA;0;37;142;RURAL;M;B;A;B
871;AMAZONAS;LUYA;COLCAMAR;QUILLILLIC;0;60;260;RURAL;A;A;A;M
872;AMAZONAS;LUYA;COLCAMAR;GOLAUCO;0;11;39;RURAL;A;B;M;A
873;AMAZONAS;LUYA;COLCAMAR;BUENOS AIRES;0;9;41;RURAL;A;M;M;A
874;AMAZONAS;LUYA;COLCAMAR;MALA HIERBA;0;4;10;RURAL;A;B;M;M
875;AMAZONAS;LUYA;CONILA;COHECHAN;1;343;1193;URBANO;M;B;A;A
876;AMAZONAS;LUYA;CONILA;BALZAPATA;0;5;20;RURAL;M;M;B;A
877;AMAZONAS;LUYA;CONILA;SAN ISIDRO DE QUIUCMAL;0;65;213;RURAL;B;B;B;A
878;AMAZONAS;LUYA;CONILA;CONILA;0;69;189;RURAL;B;A;B;B
879;AMAZONAS;LUYA;CONILA;TINGO;0;29;112;RURAL;B;B;A;M
880;AMAZONAS;LUYA;CONILA;INGA PAGUANA;0;5;16;RURAL;M;B;M;A
881;AMAZONAS;LUYA;CONILA;SAN ANTONIO;0;10;34;RURAL;A;B;A;M
882;AMAZONAS;LUYA;CONILA;MOLINO;0;3;12;RURAL;A;M;A;A
883;AMAZONAS;LUYA;CONILA;NUEVO LUYA;0;30;118;RURAL;B;B;M;M
884;AMAZONAS;LUYA;CONILA;GOLAC;0;5;21;RURAL;M;M;M;B
885;AMAZONAS;LUYA;CONILA;SAN JOSE DE OPELAN;0;24;77;RURAL;B;M;B;A
886;AMAZONAS;LUYA;INGUILPATA;INGUILPATA;1;122;410;URBANO;M;B;M;A
887;AMAZONAS;LUYA;INGUILPATA;FUNDO VIELLA;0;18;33;RURAL;M;A;A;A
888;AMAZONAS;LUYA;INGUILPATA;HOSCOPAMPA (VISALOT);0;11;11;RURAL;B;M;B;B
889;AMAZONAS;LUYA;INGUILPATA;LUCMA;0;6;15;RURAL;B;A;M;A
890;AMAZONAS;LUYA;INGUILPATA;RETAMA;0;17;28;RURAL;A;M;M;B
891;AMAZONAS;LUYA;INGUILPATA;CHACRA COLORADA;0;21;36;RURAL;A;B;A;M
892;AMAZONAS;LUYA;INGUILPATA;FUNDO CASHAPAMPA;0;22;66;RURAL;M;M;A;B
893;AMAZONAS;LUYA;INGUILPATA;HORNOPAMPA;0;4;14;RURAL;M;A;M;M
894;AMAZONAS;LUYA;INGUILPATA;FUND LA PACCHA;0;6;11;RURAL;M;M;M;B
895;AMAZONAS;LUYA;INGUILPATA;UTCUBAMBA;0;6;11;RURAL;M;B;A;B
896;AMAZONAS;LUYA;INGUILPATA;CRUZ CUNGA;0;7;15;RURAL;M;B;M;M
897;AMAZONAS;LUYA;LONGUITA;LONGUITA;1;64;198;URBANO;M;M;M;A
898;AMAZONAS;LUYA;LONGUITA;INGAPAMPA;0;5;31;RURAL;B;B;M;M
899;AMAZONAS;LUYA;LONGUITA;HUIQUILLA;0;16;42;RURAL;M;B;A;B
900;AMAZONAS;LUYA;LONGUITA;HUALA;0;14;37;RURAL;M;A;M;M
901;AMAZONAS;LUYA;LONGUITA;LLAUCAN;0;10;22;RURAL;B;B;B;M
902;AMAZONAS;LUYA;LONGUITA;EL TAMBO;0;10;19;RURAL;B;B;B;B
903;AMAZONAS;LUYA;LONGUITA;CHOCTAMAL;0;76;292;RURAL;B;A;B;M
904;AMAZONAS;LUYA;LONGUITA;NUEVO CHOTA;0;5;11;RURAL;A;A;A;A
905;AMAZONAS;LUYA;LONGUITA;EL PORVENIR;0;6;20;RURAL;M;M;A;B
906;AMAZONAS;LUYA;LONGUITA;CORRAL PAMPA;0;26;95;RURAL;M;B;A;A
907;AMAZONAS;LUYA;LONGUITA;LOS OLIVOS;0;12;35;RURAL;A;A;B;B
908;AMAZONAS;LUYA;LONGUITA;COROONGOS;0;2;11;RURAL;B;A;M;A
909;AMAZONAS;LUYA;LONGUITA;MULLACA;0;27;111;RURAL;A;M;A;M
910;AMAZONAS;LUYA;LONGUITA;MINAS;0;4;14;RURAL;A;B;B;M
911;AMAZONAS;LUYA;LONYA CHICO;LONYA CHICO;1;113;345;URBANO;M;M;B;M
912;AMAZONAS;LUYA;LONYA CHICO;SAN PABLO;0;43;157;RURAL;B;M;B;B
913;AMAZONAS;LUYA;LONYA CHICO;SAN PEDRO;0;26;91;RURAL;A;B;A;B
914;AMAZONAS;LUYA;LONYA CHICO;CAMELIN;0;13;55;RURAL;M;A;M;A
915;AMAZONAS;LUYA;LONYA CHICO;BAGAZAN;0;43;70;RURAL;M;A;B;M
916;AMAZONAS;LUYA;LONYA CHICO;MERENCIA;0;29;70;RURAL;B;A;B;A
917;AMAZONAS;LUYA;LONYA CHICO;TINCAS;0;32;50;RURAL;A;B;M;B
918;AMAZONAS;LUYA;LONYA CHICO;SAN ANTONIO;0;10;53;RURAL;A;M;A;A
919;AMAZONAS;LUYA;LONYA CHICO;SANTA CRUZ;0;32;151;RURAL;A;M;A;A
920;AMAZONAS;LUYA;LUYA;LUYA;1;662;2178;URBANO;M;M;A;A
921;AMAZONAS;LUYA;LUYA;PAMPA HERMOSA;0;13;56;RURAL;M;B;A;A
922;AMAZONAS;LUYA;LUYA;COROBAMBA;0;62;241;RURAL;B;M;B;M
923;AMAZONAS;LUYA;LUYA;HUAYCHOPAMPA;0;31;151;RURAL;B;A;M;A
924;AMAZONAS;LUYA;LUYA;CORAZON DE JESUS;0;29;82;RURAL;A;M;M;A
925;AMAZONAS;LUYA;LUYA;SHIPATA;0;80;304;RURAL;B;M;M;A
926;AMAZONAS;LUYA;LUYA;CHOCTA;0;166;743;RURAL;A;M;B;M
927;AMAZONAS;LUYA;LUYA;COLMATA;0;81;226;RURAL;A;A;A;M
928;AMAZONAS;LUYA;LUYA;EL MOLINO;0;60;104;RURAL;B;A;M;A
929;AMAZONAS;LUYA;LUYA;CUCHA;0;9;28;RURAL;M;A;B;M
930;AMAZONAS;LUYA;LUYA;VISTA HERMOSA;0;4;17;RURAL;A;M;B;A
931;AMAZONAS;LUYA;LUYA VIEJO;LUYA VIEJO;1;113;413;URBANO;B;B;A;M
932;AMAZONAS;LUYA;MARIA;MARIA;1;147;458;URBANO;B;B;B;B
933;AMAZONAS;CONDORCANQUI;NIEVA;ALTO PUPUNTAS;0;18;89;RURAL;M;B;B;B
934;AMAZONAS;CONDORCANQUI;NIEVA;FRANCISCO RODRIGUEZ;0;12;41;RURAL;A;A;A;B
935;AMAZONAS;CONDORCANQUI;NIEVA;NUEVA ESPERANZA;0;105;373;RURAL;A;B;M;M
936;AMAZONAS;CONDORCANQUI;NIEVA;ACHOAGA;0;42;182;RURAL;B;A;M;M
937;AMAZONAS;CONDORCANQUI;NIEVA;HECTOR PEAS;0;11;15;RURAL;M;M;A;B
938;AMAZONAS;CONDORCANQUI;NIEVA;JUAN VELASCO ALVARADO;0;309;1214;URBANO;B;M;B;A
939;AMAZONAS;CONDORCANQUI;NIEVA;ALTO PAJAKUS;0;42;206;RURAL;M;B;B;B
940;AMAZONAS;CONDORCANQUI;NIEVA;NUEVO SEASME;0;60;209;RURAL;A;B;B;B
941;AMAZONAS;CONDORCANQUI;NIEVA;HEBRON;0;63;264;RURAL;M;M;B;A
942;AMAZONAS;CONDORCANQUI;NIEVA;CHINGAMAR O CHINCAMAR;0;94;328;RURAL;M;B;B;M
943;AMAZONAS;CONDORCANQUI;NIEVA;TAMPE;0;65;337;RURAL;A;M;M;M
944;AMAZONAS;CONDORCANQUI;NIEVA;YAHUAHUA;0;51;214;RURAL;M;A;A;B
945;AMAZONAS;CONDORCANQUI;NIEVA;SAN JOSE DE JAPAIME;0;29;115;RURAL;M;A;B;A
946;AMAZONAS;CONDORCANQUI;NIEVA;TUNANTS;0;55;227;RURAL;B;M;A;M
947;AMAZONAS;CONDORCANQUI;NIEVA;YAMAKENTSA;0;8;27;RURAL;A;A;A;A
948;AMAZONAS;CONDORCANQUI;NIEVA;NAPURUKA;0;55;254;RURAL;B;M;B;A
949;AMAZONAS;CONDORCANQUI;NIEVA;URAKUSA;0;184;804;RURAL;A;B;B;M
950;AMAZONAS;CONDORCANQUI;NIEVA;COLONIZACION CHIANGOS;0;41;163;RURAL;A;B;M;B
951;AMAZONAS;CONDORCANQUI;NIEVA;SEASME;0;61;313;RURAL;A;M;M;M
952;AMAZONAS;CONDORCANQUI;NIEVA;AJACHIN;0;37;158;RURAL;A;M;A;B
953;AMAZONAS;CONDORCANQUI;NIEVA;KAYANTS;0;107;386;RURAL;M;B;M;M
954;AMAZONAS;CONDORCANQUI;NIEVA;HUARACAYO;0;51;229;RURAL;M;A;A;A
955;AMAZONAS;CONDORCANQUI;NIEVA;JAPAIME ESCUELA;0;105;374;RURAL;A;B;B;A
956;AMAZONAS;CONDORCANQUI;NIEVA;QUEBRADA JAPAIME;0;29;116;RURAL;B;A;A;A
957;AMAZONAS;CONDORCANQUI;NIEVA;TUNDUSA ESCUELA CENTRO;0;33;115;RURAL;M;B;B;A
958;AMAZONAS;CONDORCANQUI;NIEVA;SANTA FE;0;20;78;RURAL;A;B;M;A
959;AMAZONAS;CONDORCANQUI;NIEVA;LOS LAURELES;0;15;39;RURAL;A;B;M;M
960;AMAZONAS;CONDORCANQUI;NIEVA;PARCELACION MONTERRICO;0;35;161;RURAL;A;B;M;A
961;AMAZONAS;CONDORCANQUI;NIEVA;YANTANA ENTSA;0;17;69;RURAL;B;B;M;B
962;AMAZONAS;CONDORCANQUI;NIEVA;UCHI CHIANGOS;0;27;147;RURAL;M;B;M;M
963;AMAZONAS;CONDORCANQUI;NIEVA;TUNDUSA PUERTO (TUNDUSA ANEXO);0;81;409;RURAL;M;A;M;B
964;AMAZONAS;CONDORCANQUI;NIEVA;SAN PEDRO;0;17;89;RURAL;B;B;A;A
965;AMAZONAS;CONDORCANQUI;NIEVA;WAISIM;0;40;133;RURAL;A;A;M;M
966;AMAZONAS;CONDORCANQUI;NIEVA;JOSE OLAYA;0;37;141;RURAL;A;A;M;B
967;AMAZONAS;CONDORCANQUI;NIEVA;TAYUNTSA;0;68;343;RURAL;A;M;B;B
968;AMAZONAS;CONDORCANQUI;NIEVA;NUEVA UNIDA;0;44;164;RURAL;M;A;M;A
969;AMAZONAS;CONDORCANQUI;NIEVA;CHORROS;0;37;217;RURAL;M;M;M;M
970;AMAZONAS;CONDORCANQUI;NIEVA;KAYACUSHA;0;68;252;RURAL;B;A;B;M
971;AMAZONAS;CONDORCANQUI;NIEVA;PUTUYAKAT;0;64;299;RURAL;A;M;B;B
972;AMAZONAS;CONDORCANQUI;NIEVA;NAJAIN;0;69;310;RURAL;A;A;M;A
973;AMAZONAS;CONDORCANQUI;NIEVA;KIGKIS;0;128;701;RURAL;A;B;B;B
974;AMAZONAS;CONDORCANQUI;NIEVA;SUMPA;0;26;148;RURAL;B;B;B;B
975;AMAZONAS;CONDORCANQUI;NIEVA;SUWANTS;0;46;213;RURAL;M;B;M;M
976;AMAZONAS;CONDORCANQUI;NIEVA;PAANTAN;0;99;483;RURAL;M;B;A;A
977;AMAZONAS;CONDORCANQUI;NIEVA;TOKIO;0;14;83;RURAL;A;A;A;M
978;AMAZONAS;CONDORCANQUI;NIEVA;BOCA AMBUJA;0;67;321;RURAL;M;M;M;M
979;AMAZONAS;CONDORCANQUI;NIEVA;NAJANKUS;0;31;163;RURAL;B;B;A;M
980;AMAZONAS;CONDORCANQUI;NIEVA;ALTO WAISIM;0;21;82;RURAL;A;M;A;M
981;AMAZONAS;CONDORCANQUI;NIEVA;AMBUJA;0;24;58;RURAL;M;B;A;M
982;AMAZONAS;CONDORCANQUI;NIEVA;ALTO IPACUMA;0;43;174;RURAL;M;B;M;M
983;AMAZONAS;CONDORCANQUI;NIEVA;YUVINTSA;0;22;96;RURAL;A;A;A;B
984;AMAZONAS;CONDORCANQUI;NIEVA;DUSHIP (ANEXO JUM);0;35;158;RURAL;B;M;B;M
985;AMAZONAS;CONDORCANQUI;NIEVA;NUEVA VISTA (TUUTIN);0;41;171;RURAL;M;M;B;M
986;AMAZONAS;CONDORCANQUI;NIEVA;KAYAMAS;0;69;284;RURAL;A;M;A;B
987;AMAZONAS;CONDORCANQUI;NIEVA;BAJO CACHIACO;0;39;141;RURAL;A;M;A;A
988;AMAZONAS;CONDORCANQUI;NIEVA;SAWINTZA;0;22;113;RURAL;M;A;M;B
989;AMAZONAS;CONDORCANQUI;NIEVA;TAYUNTSA CACHIACO;0;27;132;RURAL;B;B;A;B
990;AMAZONAS;CONDORCANQUI;NIEVA;KUNGUKI;0;27;145;RURAL;B;B;A;M
991;AMAZONAS;CONDORCANQUI;NIEVA;IWACH UJAGMANU;0;11;51;RURAL;B;B;M;A
992;AMAZONAS;CONDORCANQUI;NIEVA;NUMPATKAIM;0;28;132;RURAL;B;A;A;B
993;AMAZONAS;CONDORCANQUI;NIEVA;ALTO PANQUI - PANKI;0;25;132;RURAL;B;B;A;M
994;AMAZONAS;CONDORCANQUI;NIEVA;ANKAIS;0;19;62;RURAL;B;M;B;M
995;AMAZONAS;CONDORCANQUI;NIEVA;KAYAUKUINIACU;0;20;71;RURAL;A;B;M;A
996;AMAZONAS;CONDORCANQUI;NIEVA;WEE O TANISH NAMAK;0;13;64;RURAL;B;A;M;A
997;AMAZONAS;CONDORCANQUI;EL CENEPA;BASHUIM;0;14;58;RURAL;A;A;B;M
998;AMAZONAS;CONDORCANQUI;EL CENEPA;PANTAN ENTSA;0;44;198;RURAL;M;B;M;A
999;AMAZONAS;CONDORCANQUI;EL CENEPA;TSAWANTUS;0;27;136;RURAL;B;A;B;A
1000;AMAZONAS;CONDORCANQUI;EL CENEPA;PAMPA ENTSA;0;140;604;RURAL;B;M;M;M
1001;AMAZONAS;CONDORCANQUI;EL CENEPA;SHAMATAK GRANDE;0;67;287;RURAL;M;B;A;A
1002;AMAZONAS;CONDORCANQUI;EL CENEPA;SHAMATAK CHICO;0;50;183;RURAL;B;M;M;A
1003;AMAZONAS;CONDORCANQUI;EL CENEPA;TUTIN;0;71;274;RURAL;A;M;B;A
1004;AMAZONAS;CONDORCANQUI;EL CENEPA;NUEVO TUTINO;0;20;86;RURAL;M;A;M;A
1005;AMAZONAS;CONDORCANQUI;EL CENEPA;MAMAYAQUE;0;90;241;RURAL;B;A;A;B
1006;AMAZONAS;CONDORCANQUI;EL CENEPA;MAMAYAKIM;0;20;75;RURAL;M;B;A;A
1007;AMAZONAS;CONDORCANQUI;EL CENEPA;SAASA;0;30;102;RURAL;M;A;M;A
1008;AMAZONAS;CONDORCANQUI;EL CENEPA;WAWAIM;0;52;145;RURAL;B;M;A;M
1009;AMAZONAS;CONDORCANQUI;EL CENEPA;KAYAMAS;0;58;145;RURAL;B;B;A;A
1010;AMAZONAS;CONDORCANQUI;EL CENEPA;KUYUMATAK;0;21;61;RURAL;B;A;M;B
1011;AMAZONAS;CONDORCANQUI;EL CENEPA;SUJIN;0;16;42;RURAL;A;M;B;A
1012;AMAZONAS;CONDORCANQUI;EL CENEPA;NANCHIK ENTSA;0;6;22;RURAL;M;B;B;A
1013;AMAZONAS;CONDORCANQUI;EL CENEPA;SUWAS;0;11;26;RURAL;M;M;B;M
1014;AMAZONAS;CONDORCANQUI;EL CENEPA;CHAPIGIN;0;15;38;RURAL;B;A;A;A
1015;AMAZONAS;CONDORCANQUI;EL CENEPA;GOCOASHI;0;30;72;RURAL;A;M;M;B
1016;AMAZONAS;CONDORCANQUI;EL CENEPA;PUERTO WAIS;0;9;41;RURAL;A;B;B;B
1017;AMAZONAS;CONDORCANQUI;EL CENEPA;YAGRU ENTSA;0;7;21;RURAL;A;A;M;B
1018;AMAZONAS;CONDORCANQUI;EL CENEPA;ANEXO KAYAMAS;0;20;98;RURAL;M;M;A;B
1019;AMAZONAS;CONDORCANQUI;EL CENEPA;SANTA FE;0;11;23;RURAL;M;M;M;A
1020;AMAZONAS;CONDORCANQUI;EL CENEPA;SAN RAFAEL;0;25;131;RURAL;A;B;M;B
1021;AMAZONAS;CONDORCANQUI;EL CENEPA;PAGKIS;0;6;29;RURAL;A;B;A;A
1022;AMAZONAS;CONDORCANQUI;EL CENEPA;YUWI ENTSA;0;10;47;RURAL;A;M;B;M
1023;AMAZONAS;CONDORCANQUI;RIO SANTIAGO;PUERTO GALILEA;1;152;699;URBANO;B;M;M;M
1024;AMAZONAS;CONDORCANQUI;RIO SANTIAGO;PAPAYACU;0;31;147;RURAL;B;M;M;B
1025;AMAZONAS;CONDORCANQUI;RIO SANTIAGO;DOS DE MAYO;0;34;163;RURAL;A;M;M;B
1026;AMAZONAS;CONDORCANQUI;RIO SANTIAGO;QUIM;0;22;90;RURAL;M;M;A;M
1027;AMAZONAS;CONDORCANQUI;RIO SANTIAGO;AMPAMA;0;18;104;RURAL;B;A;M;B
1028;AMAZONAS;CONDORCANQUI;RIO SANTIAGO;ONANGA;0;35;190;RURAL;B;A;M;M
1029;AMAZONAS;CONDORCANQUI;RIO SANTIAGO;CUCUASA;0;36;176;RURAL;M;A;M;B
1030;AMAZONAS;CONDORCANQUI;RIO SANTIAGO;PACHIS CUCUASA;0;17;71;RURAL;B;B;M;A
1031;AMAZONAS;CONDORCANQUI;RIO SANTIAGO;CANDUNGOS;0;124;589;RURAL;A;B;B;A
1032;AMAZONAS;CONDORCANQUI;RIO SANTIAGO;SOLEDAD;0;82;362;RURAL;B;M;A;B
1033;AMAZONAS;CONDORCANQUI;RIO SANTIAGO;ALTO MIYAS;0;13;57;RURAL;M;M;A;B
1034;AMAZONAS;CONDORCANQUI;RIO SANTIAGO;MUCHINGUIS;0;62;235;RURAL;A;A;B;B
1035;AMAZONAS;CONDORCANQUI;RIO SANTIAGO;NUEVA NAZARET;0;17;65;RURAL;M;B;A;B
1036;AMAZONAS;CONDORCANQUI;RIO SANTIAGO;PALOMETA;0;28;129;RURAL;A;B;M;M
1037;AMAZONAS;CONDORCANQUI;RIO SANTIAGO;AYAMBIS;0;47;235;RURAL;M;M;A;M
1038;AMAZONAS;CONDORCANQUI;RIO SANTIAGO;MUWAIN;0;27;135;RURAL;M;M;M;B
1039;AMAZONAS;CONDORCANQUI;RIO SANTIAGO;VARADERO UNO;0;32;198;RURAL;M;A;A;M
1040;AMAZONAS;CONDORCANQUI;RIO SANTIAGO;NAUTA;0;36;193;RURAL;B;M;B;M
1041;AMAZONAS;CONDORCANQUI;RIO SANTIAGO;AJAMCHIN;0;23;81;RURAL;M;B;M;A
1042;AMAZONAS;CONDORCANQUI;RIO SANTIAGO;PASHKUS;0;22;106;RURAL;M;A;B;M
1043;AMAZONAS;CONDORCANQUI;RIO SANTIAGO;CHAPIZA;0;100;612;RURAL;M;B;A;M
1044;AMAZONAS;CONDORCANQUI;RIO SANTIAGO;ALIANZA PROGRESO;0;48;241;RURAL;A;A;A;A
1045;AMAZONAS;CONDORCANQUI;RIO SANTIAGO;NUEVA ESPERANZA;0;44;247;RURAL;M;B;M;M
1046;AMAZONAS;CONDORCANQUI;RIO SANTIAGO;PAMPA ENTSA;0;23;96;RURAL;A;M;A;B
1047;AMAZONAS;CONDORCANQUI;RIO SANTIAGO;CHOSICA;0;71;345;RURAL;M;M;A;A
1048;AMAZONAS;CONDORCANQUI;RIO SANTIAGO;CATERPIZA;0;38;217;RURAL;B;M;B;B
1049;AMAZONAS;CONDORCANQUI;RIO SANTIAGO;BOCA CHINGANAZA;0;85;393;RURAL;M;B;B;A
1050;AMAZONAS;CONDORCANQUI;RIO SANTIAGO;AITAM;0;48;244;RURAL;M;A;B;A
1051;AMAZONAS;CONDORCANQUI;RIO SANTIAGO;KUNENTSA;0;12;56;RURAL;A;A;A;A
1052;AMAZONAS;CONDORCANQUI;RIO SANTIAGO;VILLA GONZALO;0;117;515;RURAL;A;B;A;M
1053;AMAZONAS;CONDORCANQUI;RIO SANTIAGO;HUABAL;0;53;250;RURAL;B;A;B;M
1054;AMAZONAS;CONDORCANQUI;RIO SANTIAGO;KUSUIM;0;18;90;RURAL;M;B;A;B
1055;AMAZONAS;CONDORCANQUI;RIO SANTIAGO;SHIRINGA;0;53;212;RURAL;A;M;M;M
1056;AMAZONAS;CONDORCANQUI;RIO SANTIAGO;ACHO;0;19;84;RURAL;A;B;M;B
1057;AMAZONAS;CONDORCANQUI;RIO SANTIAGO;LA POZA;0;72;275;RURAL;A;A;A;B
1058;AMAZONAS;CONDORCANQUI;RIO SANTIAGO;NUEVA JERUSALEN;0;33;131;RURAL;A;B;B;B
1059;AMAZONAS;RODRIGUEZ DE MENDOZA;CHIRIMOTO;RECODO;0;4;12;RURAL;B;A;A;M
1060;AMAZONAS;RODRIGUEZ DE MENDOZA;CHIRIMOTO;SHALLCA;0;12;24;RURAL;A;B;M;A
1061;AMAZONAS;RODRIGUEZ DE MENDOZA;CHIRIMOTO;QUINIAMOS;0;3;14;RURAL;M;B;A;A
1062;AMAZONAS;RODRIGUEZ DE MENDOZA;CHIRIMOTO;ZARUMILLA;0;91;266;RURAL;A;B;B;M
1063;AMAZONAS;RODRIGUEZ DE MENDOZA;CHIRIMOTO;TRANCAPATA;0;9;40;RURAL;A;B;M;A
1064;AMAZONAS;RODRIGUEZ DE MENDOZA;CHIRIMOTO;CEDROPAMPA;0;8;37;RURAL;B;A;M;A
1065;AMAZONAS;RODRIGUEZ DE MENDOZA;CHIRIMOTO;CHUSHPEMISHQUE;0;10;14;RURAL;A;M;A;B
1066;AMAZONAS;RODRIGUEZ DE MENDOZA;CHIRIMOTO;PLACER;0;3;10;RURAL;B;B;M;B
1067;AMAZONAS;RODRIGUEZ DE MENDOZA;CHIRIMOTO;ACHAMAL;0;45;119;RURAL;A;M;B;A
1068;AMAZONAS;RODRIGUEZ DE MENDOZA;CHIRIMOTO;MITOPAMPA;0;7;17;RURAL;A;M;B;A
1069;AMAZONAS;RODRIGUEZ DE MENDOZA;CHIRIMOTO;BUENOS AIRES;0;28;59;RURAL;A;B;B;A
1070;AMAZONAS;RODRIGUEZ DE MENDOZA;CHIRIMOTO;CEJA PATA;0;30;81;RURAL;B;A;M;M
1071;AMAZONAS;RODRIGUEZ DE MENDOZA;CHIRIMOTO;SAN ANTONIO;0;50;129;RURAL;B;B;A;B
1072;AMAZONAS;RODRIGUEZ DE MENDOZA;CHIRIMOTO;CHINGOYA;0;10;11;RURAL;B;B;A;A
1073;AMAZONAS;RODRIGUEZ DE MENDOZA;CHIRIMOTO;SINAI;0;28;60;RURAL;M;M;M;M
1074;AMAZONAS;RODRIGUEZ DE MENDOZA;CHIRIMOTO;SANTO TORIBIO;0;47;165;RURAL;M;B;B;M
1075;AMAZONAS;RODRIGUEZ DE MENDOZA;CHIRIMOTO;PARAISO;0;41;146;RURAL;M;B;B;A
1076;AMAZONAS;RODRIGUEZ DE MENDOZA;CHIRIMOTO;LAS PALMERAS;0;20;55;RURAL;M;B;A;M
1077;AMAZONAS;RODRIGUEZ DE MENDOZA;CHIRIMOTO;RIO VERDE;0;22;96;RURAL;B;M;B;A
1078;AMAZONAS;RODRIGUEZ DE MENDOZA;CHIRIMOTO;HISPINGAL;0;16;16;RURAL;M;M;B;A
1079;AMAZONAS;RODRIGUEZ DE MENDOZA;CHIRIMOTO;PROVIDENCIA;0;9;22;RURAL;A;M;A;B
1080;AMAZONAS;RODRIGUEZ DE MENDOZA;CHIRIMOTO;LUZ DEL ORIENTE;0;31;159;RURAL;M;M;M;B
1081;AMAZONAS;RODRIGUEZ DE MENDOZA;CHIRIMOTO;NUEVO UNION;0;11;43;RURAL;A;A;A;A
1082;AMAZONAS;RODRIGUEZ DE MENDOZA;CHIRIMOTO;NUEVA VIDA;0;14;38;RURAL;B;M;B;A
1083;AMAZONAS;RODRIGUEZ DE MENDOZA;COCHAMAL;COCHAMAL;1;29;104;URBANO;M;B;M;M
1084;AMAZONAS;RODRIGUEZ DE MENDOZA;COCHAMAL;CALVARIO;0;4;17;RURAL;A;B;B;B
1085;AMAZONAS;RODRIGUEZ DE MENDOZA;COCHAMAL;SHILPICACHI;0;6;14;RURAL;A;A;M;M
1086;AMAZONAS;RODRIGUEZ DE MENDOZA;COCHAMAL;MILPU;0;8;16;RURAL;A;A;M;A
1087;AMAZONAS;RODRIGUEZ DE MENDOZA;COCHAMAL;TRANCA PAMPA;0;9;25;RURAL;A;A;M;M
1088;AMAZONAS;RODRIGUEZ DE MENDOZA;COCHAMAL;SAN MARCOS;0;97;329;URBANO;A;B;B;B
1089;AMAZONAS;RODRIGUEZ DE MENDOZA;COCHAMAL;MELO;0;11;31;RURAL;B;A;M;M
1090;AMAZONAS;RODRIGUEZ DE MENDOZA;HUAMBO;HUAMBO;1;230;680;URBANO;M;M;A;M
1091;AMAZONAS;RODRIGUEZ DE MENDOZA;HUAMBO;SARGENTO;0;22;65;RURAL;B;A;B;M
1092;AMAZONAS;RODRIGUEZ DE MENDOZA;HUAMBO;ESCOBAR;0;39;109;RURAL;A;B;A;A
1093;AMAZONAS;RODRIGUEZ DE MENDOZA;HUAMBO;COLPA;0;7;10;RURAL;B;M;M;A
1094;AMAZONAS;RODRIGUEZ DE MENDOZA;HUAMBO;RIOS;0;18;48;RURAL;M;M;M;M
1095;AMAZONAS;RODRIGUEZ DE MENDOZA;HUAMBO;NARANJO ALEGRE;0;20;44;RURAL;B;B;B;M
1096;AMAZONAS;RODRIGUEZ DE MENDOZA;HUAMBO;TINTAMURO;0;11;24;RURAL;M;B;M;A
1097;AMAZONAS;RODRIGUEZ DE MENDOZA;HUAMBO;SANTIAGO;0;15;29;RURAL;M;M;M;M
1098;AMAZONAS;RODRIGUEZ DE MENDOZA;HUAMBO;CHAQUIL;0;13;49;RURAL;M;M;B;A
1099;AMAZONAS;RODRIGUEZ DE MENDOZA;HUAMBO;LUCIA;0;10;36;RURAL;M;A;B;A
1100;AMAZONAS;RODRIGUEZ DE MENDOZA;HUAMBO;BATEA CUMBA;0;15;29;RURAL;B;A;A;B
1101;AMAZONAS;RODRIGUEZ DE MENDOZA;HUAMBO;CHONTAPAMPA;0;33;90;RURAL;M;M;B;A
1102;AMAZONAS;RODRIGUEZ DE MENDOZA;HUAMBO;DOS CRUCES;0;44;106;RURAL;B;M;M;M
1103;AMAZONAS;RODRIGUEZ DE MENDOZA;HUAMBO;SAN MARTIN DE PORRAS;0;35;88;RURAL;A;M;A;M
1104;AMAZONAS;RODRIGUEZ DE MENDOZA;HUAMBO;DIPA;0;23;56;RURAL;B;B;B;A
1105;AMAZONAS;RODRIGUEZ DE MENDOZA;HUAMBO;LOS MILAGROS;0;31;95;RURAL;A;A;A;B
1106;AMAZONAS;RODRIGUEZ DE MENDOZA;HUAMBO;NARANJO PATA;0;16;56;RURAL;M;B;A;M
1107;AMAZONAS;LUYA;SANTA CATALINA;SANTA CATALINA;1;99;423;URBANO;B;B;A;M
1108;AMAZONAS;LUYA;SANTA CATALINA;INGENIO;0;88;446;RURAL;M;B;A;B
1109;AMAZONAS;LUYA;SANTA CATALINA;PINDUC;0;18;76;RURAL;A;M;B;B
1110;AMAZONAS;LUYA;SANTA CATALINA;SALAZAR;0;72;337;RURAL;M;A;A;B
1111;AMAZONAS;LUYA;SANTA CATALINA;TAMBOCUCHO;0;4;17;RURAL;M;M;A;A
1112;AMAZONAS;LUYA;SANTA CATALINA;TAMBILLO;0;24;73;RURAL;M;A;M;B
1113;AMAZONAS;LUYA;SANTA CATALINA;LA LIBERTAD DE HUANDIL;0;15;54;RURAL;A;M;A;B
1114;AMAZONAS;LUYA;SANTA CATALINA;VISTA HERMOSA;0;11;54;RURAL;A;M;B;M
1115;AMAZONAS;LUYA;SANTA CATALINA;SAN JUAN DE PROVIDENCIA;0;22;114;RURAL;A;A;M;A
1116;AMAZONAS;LUYA;SANTA CATALINA;MUNDO NUEVO;0;15;44;RURAL;B;B;A;B
1117;AMAZONAS;LUYA;SANTA CATALINA;ALISPATA;0;14;60;RURAL;B;A;M;M
1118;AMAZONAS;LUYA;SANTO TOMAS;SANTO TOMAS;1;380;1106;URBANO;B;A;A;M
1119;AMAZONAS;LUYA;SANTO TOMAS;SANTA CRUZ DE MARAYPATA;0;57;155;RURAL;B;A;A;M
1120;AMAZONAS;LUYA;SANTO TOMAS;NOGALPAMPA;0;5;18;RURAL;M;B;M;B
1121;AMAZONAS;LUYA;SANTO TOMAS;AGUA SANTA;0;46;144;RURAL;B;B;M;A
1122;AMAZONAS;LUYA;SANTO TOMAS;SAN JUAN DE LA LIBERTAD;0;30;63;RURAL;A;A;M;B
1123;AMAZONAS;LUYA;SANTO TOMAS;CETCOTE;0;6;17;RURAL;B;A;B;M
1124;AMAZONAS;LUYA;SANTO TOMAS;SAN ANTONIO DE LLACTAPAMPA;0;48;154;RURAL;A;A;A;A
1125;AMAZONAS;LUYA;SANTO TOMAS;SAN BARTOLO;0;87;240;RURAL;B;A;B;A
1126;AMAZONAS;LUYA;SANTO TOMAS;SAN MIGUEL DE LUVIN;0;87;260;RURAL;B;B;B;A
1127;AMAZONAS;LUYA;SANTO TOMAS;SAN SALVADOR;0;101;280;RURAL;A;M;A;M
1128;AMAZONAS;LUYA;SANTO TOMAS;LIBERTAD;0;46;135;RURAL;B;B;M;B
1129;AMAZONAS;LUYA;SANTO TOMAS;SAN JOSE DE LAUMAN;0;79;226;RURAL;B;A;M;M
1130;AMAZONAS;LUYA;SANTO TOMAS;CHAUPIN;0;13;27;RURAL;A;B;A;M
1131;AMAZONAS;LUYA;SANTO TOMAS;HUANGA PAMPA;0;5;16;RURAL;B;B;A;B
1132;AMAZONAS;LUYA;SANTO TOMAS;CULALAC;0;6;10;RURAL;A;A;B;M
1133;AMAZONAS;LUYA;OCUMAL;GOLORQUE;0;8;25;RURAL;M;A;M;A
1134;AMAZONAS;LUYA;OCUMAL;MOTUPE;0;24;126;RURAL;A;A;B;M
1135;AMAZONAS;LUYA;OCUMAL;SAN FRANCISCO;0;2;10;RURAL;B;A;B;M
1136;AMAZONAS;LUYA;OCUMAL;PARAISO;0;7;14;RURAL;A;B;M;B
1137;AMAZONAS;LUYA;OCUMAL;HUAYTA;0;7;23;RURAL;A;M;A;A
1138;AMAZONAS;LUYA;OCUMAL;CUICHIMAL;0;22;67;RURAL;A;M;B;B
1139;AMAZONAS;LUYA;OCUMAL;MASHCARA;0;4;19;RURAL;M;A;B;M
1140;AMAZONAS;LUYA;OCUMAL;CONGON;0;41;179;RURAL;B;B;B;B
1141;AMAZONAS;LUYA;OCUMAL;AMIA;0;9;28;RURAL;M;M;M;M
1142;AMAZONAS;LUYA;OCUMAL;YAULICACHI;0;49;241;RURAL;A;B;A;B
1143;AMAZONAS;LUYA;OCUMAL;CALDERA;0;93;329;RURAL;B;A;A;M
1144;AMAZONAS;LUYA;OCUMAL;CHUQUIMAL;0;65;365;RURAL;B;A;A;B
1145;AMAZONAS;LUYA;OCUMAL;VISTA HERMOSA;0;70;284;RURAL;B;A;B;A
1146;AMAZONAS;LUYA;OCUMAL;SAN JUAN;0;60;235;RURAL;M;M;M;M
1147;AMAZONAS;LUYA;OCUMAL;SALINGUERRA;0;17;43;RURAL;M;B;A;A
1148;AMAZONAS;LUYA;OCUMAL;COLCALON;0;31;93;RURAL;B;M;A;M
1149;AMAZONAS;LUYA;OCUMAL;ALLAVIN;0;20;61;RURAL;B;B;A;A
1150;AMAZONAS;LUYA;OCUMAL;LIMAPAMPA;0;33;146;RURAL;A;M;M;M
1151;AMAZONAS;LUYA;OCUMAL;LA UNION;0;62;263;RURAL;M;A;A;A
1152;AMAZONAS;LUYA;OCUMAL;DESCANSO;0;15;59;RURAL;A;A;A;B
1153;AMAZONAS;LUYA;OCUMAL;EL PROGRESO;0;23;114;RURAL;M;B;B;A
1154;AMAZONAS;LUYA;OCUMAL;SAN ANTONIO DE BOLCHAN;0;11;51;RURAL;M;A;A;A
1155;AMAZONAS;LUYA;OCUMAL;HUALMAL;0;19;99;RURAL;B;A;B;A
1156;AMAZONAS;LUYA;OCUMAL;SAN FELIPE;0;11;40;RURAL;M;A;A;B
1157;AMAZONAS;LUYA;OCUMAL;NUEVO OCUMAL;0;27;97;RURAL;A;M;A;A
1158;AMAZONAS;LUYA;PISUQUIA;YOMBLON;1;67;245;URBANO;A;M;B;B
1159;AMAZONAS;LUYA;PISUQUIA;CHAHUARPATA;0;27;73;RURAL;B;A;A;B
1160;AMAZONAS;LUYA;PISUQUIA;ONDUL;0;11;31;RURAL;M;B;B;M
1161;AMAZONAS;LUYA;PISUQUIA;PAQUIUAS;0;13;61;RURAL;B;B;B;A
1162;AMAZONAS;LUYA;PISUQUIA;MANGALPA;0;24;99;RURAL;A;A;B;B
1163;AMAZONAS;LUYA;PISUQUIA;LIMABAMBA;0;7;17;RURAL;A;A;B;M
1164;AMAZONAS;LUYA;PISUQUIA;PIRCAPAMPA;0;85;288;RURAL;B;A;A;A
1165;AMAZONAS;LUYA;PISUQUIA;SAN RAFAEL;0;9;27;RURAL;A;A;A;A
1166;AMAZONAS;LUYA;PISUQUIA;TULIC;0;28;68;RURAL;M;A;B;B
1167;AMAZONAS;LUYA;PISUQUIA;TULALON;0;9;16;RURAL;M;B;M;A
1168;AMAZONAS;LUYA;PISUQUIA;HUARANGUILLO;0;42;187;RURAL;A;B;B;M
1169;AMAZONAS;LUYA;PISUQUIA;CUIPE;0;24;95;RURAL;B;B;A;M
1170;AMAZONAS;LUYA;PISUQUIA;SANTA ROSA;0;7;44;RURAL;B;B;M;M
1171;AMAZONAS;LUYA;PISUQUIA;SANTA CRUZ;0;12;11;RURAL;B;M;A;M
1172;AMAZONAS;LUYA;PISUQUIA;EL PUEBLO;0;4;11;RURAL;M;A;M;M
1173;AMAZONAS;LUYA;PISUQUIA;PACAY;0;9;23;RURAL;A;B;A;B
1174;AMAZONAS;LUYA;PISUQUIA;BAZAN;0;5;23;RURAL;A;A;B;M
1175;AMAZONAS;LUYA;PISUQUIA;SAN PEDRO;0;22;89;RURAL;M;A;M;B
1176;AMAZONAS;LUYA;PISUQUIA;DURAZNILLO;0;44;225;RURAL;M;B;A;A
1177;AMAZONAS;LUYA;PISUQUIA;PUEBLO NUEVO;0;80;379;RURAL;M;M;B;M
1178;AMAZONAS;LUYA;PISUQUIA;PAN DE AZUCAR;0;4;18;RURAL;B;B;B;M
1179;AMAZONAS;LUYA;PISUQUIA;SAN MIGUEL DE PORO PORO;0;121;584;RURAL;B;B;A;B
1180;AMAZONAS;LUYA;PISUQUIA;ALTO PERU;0;18;75;RURAL;B;A;A;M
1181;AMAZONAS;LUYA;PISUQUIA;SAN JUAN (SAN JUAN DE REJO);0;23;106;RURAL;A;A;B;A
1182;AMAZONAS;LUYA;PISUQUIA;TRIBULON;0;35;138;RURAL;A;B;A;A
1183;AMAZONAS;LUYA;PISUQUIA;LLOQUE;0;15;62;RURAL;M;M;A;A
1184;AMAZONAS;LUYA;PISUQUIA;LA UNION SOSCOMAL;0;26;78;RURAL;B;A;A;B
1185;AMAZONAS;LUYA;PISUQUIA;SHINGUEL;0;6;25;RURAL;A;B;M;A
1186;AMAZONAS;LUYA;PISUQUIA;MANGULON;0;11;48;RURAL;M;B;M;B
1187;AMAZONAS;LUYA;PISUQUIA;ACHUPILLA;0;14;76;RURAL;A;A;A;M
1188;AMAZONAS;LUYA;PISUQUIA;LANCHE;0;6;15;RURAL;B;M;M;M
1189;AMAZONAS;LUYA;PISUQUIA;PAUJAMARCA;0;50;177;RURAL;A;B;A;B
1190;AMAZONAS;LUYA;PISUQUIA;LIRIO;0;8;46;RURAL;B;B;B;A
1191;AMAZONAS;LUYA;PISUQUIA;LUCMACUCHO;0;12;37;RURAL;M;A;M;A
1192;AMAZONAS;LUYA;PISUQUIA;DANJAMAL;0;15;44;RURAL;B;A;A;B
1193;AMAZONAS;LUYA;PISUQUIA;SAN RAMON;0;31;113;RURAL;M;M;M;M
1194;AMAZONAS;RODRIGUEZ DE MENDOZA;HUAMBO;NUEVO HORIZONTE;0;178;377;RURAL;M;M;B;M
1195;AMAZONAS;LUYA;PISUQUIA;EL REJO;0;44;136;RURAL;A;M;A;M
1196;AMAZONAS;LUYA;PISUQUIA;COLMAL;0;20;84;RURAL;A;A;M;B
1197;AMAZONAS;LUYA;PISUQUIA;MEMBRILLO;0;79;281;RURAL;A;B;A;B
1198;AMAZONAS;LUYA;PISUQUIA;PUEBLO LIBRE;0;31;128;RURAL;A;B;A;M
1199;AMAZONAS;LUYA;PISUQUIA;SANTA MARIA;0;37;178;RURAL;B;A;B;M
1200;AMAZONAS;LUYA;PISUQUIA;NUEVA LIBERTAD;0;24;98;RURAL;A;M;B;A
1201;AMAZONAS;LUYA;PISUQUIA;PAGCHA;0;7;19;RURAL;B;B;M;B
1202;AMAZONAS;LUYA;PISUQUIA;PISUQUIA;0;80;276;RURAL;B;A;B;A
1203;AMAZONAS;LUYA;PISUQUIA;LANCHI PUNTA;0;6;10;RURAL;A;A;B;M
1204;AMAZONAS;LUYA;PISUQUIA;CHORO PAMPA;0;5;10;RURAL;M;M;A;A
1205;AMAZONAS;LUYA;PISUQUIA;TAQUEPIQUE;0;15;28;RURAL;B;A;A;M
1206;AMAZONAS;LUYA;PISUQUIA;NUEVA ARICA;0;8;11;RURAL;A;A;A;A
1207;AMAZONAS;LUYA;PISUQUIA;LAS CORONTAS;0;14;29;RURAL;B;A;A;B
1208;AMAZONAS;LUYA;PISUQUIA;TUPEN GRANDE;0;28;70;RURAL;A;A;A;M
1209;AMAZONAS;LUYA;PISUQUIA;SAN LORENZO;0;12;17;RURAL;A;M;M;A
1210;AMAZONAS;LUYA;PISUQUIA;LA UNION;0;28;79;RURAL;A;A;B;M
1211;AMAZONAS;LUYA;PISUQUIA;ALIZO;0;7;28;RURAL;M;M;A;M
1212;AMAZONAS;LUYA;PISUQUIA;REJO;0;18;51;RURAL;A;B;M;B
1213;AMAZONAS;LUYA;PISUQUIA;GUAYO GRANDE;0;4;14;RURAL;M;A;A;A
1214;AMAZONAS;LUYA;PISUQUIA;TIOCUCHO;0;7;20;RURAL;M;M;A;M
1215;AMAZONAS;LUYA;PISUQUIA;BELLAVISTA;0;6;33;RURAL;A;B;A;A
1216;AMAZONAS;LUYA;PISUQUIA;CHONTILLA;0;7;19;RURAL;A;B;B;B
1217;AMAZONAS;LUYA;PISUQUIA;TRAPICHEPAMPA;0;25;61;RURAL;A;M;A;A
1218;AMAZONAS;LUYA;PROVIDENCIA;PROVIDENCIA;1;66;265;URBANO;M;B;B;M
1219;AMAZONAS;LUYA;PROVIDENCIA;PLAYA JUMETH;0;33;116;RURAL;A;A;A;M
1220;AMAZONAS;LUYA;PROVIDENCIA;GRAMALOTE;0;37;153;RURAL;M;M;B;A
1221;AMAZONAS;LUYA;PROVIDENCIA;SAN ANTONIO;0;4;11;RURAL;B;B;M;M
1222;AMAZONAS;LUYA;PROVIDENCIA;CRUZ LOMAS;0;61;268;RURAL;M;B;B;M
1223;AMAZONAS;LUYA;PROVIDENCIA;CHIRAPA;0;3;10;RURAL;B;M;A;M
1224;AMAZONAS;LUYA;PROVIDENCIA;CARMELO;0;31;104;RURAL;B;M;A;M
1225;AMAZONAS;LUYA;PROVIDENCIA;NUEVO CHOTA;0;21;88;RURAL;A;B;B;A
1226;AMAZONAS;LUYA;PROVIDENCIA;HONDUL;0;23;73;RURAL;A;A;A;M
1227;AMAZONAS;LUYA;PROVIDENCIA;LA LIBERTAD;0;9;61;RURAL;B;A;B;A
1228;AMAZONAS;LUYA;PROVIDENCIA;LAS PALMAS;0;27;102;RURAL;M;M;B;M
1229;AMAZONAS;LUYA;PROVIDENCIA;SAN PEDRO;0;38;156;RURAL;A;A;M;A
1230;AMAZONAS;LUYA;PROVIDENCIA;ALISO;0;3;17;RURAL;B;M;M;B
1231;AMAZONAS;LUYA;SAN CRISTOBAL;OLTO;1;120;498;URBANO;A;M;A;A
1232;AMAZONAS;LUYA;SAN CRISTOBAL;SAN JUAN;0;36;151;RURAL;M;M;M;A
1233;AMAZONAS;LUYA;SAN CRISTOBAL;SANTA ROSA;0;17;58;RURAL;M;A;M;A
1234;AMAZONAS;LUYA;SAN FRANCISCO DEL YESO;SAN FRANCISCO DEL YESO;1;138;371;URBANO;B;B;B;B
1235;AMAZONAS;LUYA;SAN FRANCISCO DEL YESO;SAMANGA;0;5;13;RURAL;A;M;M;B
1236;AMAZONAS;LUYA;SAN FRANCISCO DEL YESO;SAN SALVADOR DE GOLOBRAN;0;8;18;RURAL;A;B;A;B
1237;AMAZONAS;LUYA;SAN FRANCISCO DEL YESO;LA LIBERTAD DE TINLAPE;0;29;30;RURAL;A;A;A;B
1238;AMAZONAS;LUYA;SAN FRANCISCO DEL YESO;SAN ANTONIO;0;9;16;RURAL;M;M;M;A
1239;AMAZONAS;LUYA;SAN FRANCISCO DEL YESO;SAN CRISTOBAL DEL YESO;0;53;161;RURAL;B;B;A;M
1240;AMAZONAS;LUYA;SAN FRANCISCO DEL YESO;SAN JOSE DE IPA헤;0;33;70;RURAL;A;M;B;B
1241;AMAZONAS;LUYA;SAN FRANCISCO DEL YESO;CATANEO;0;4;12;RURAL;B;M;M;M
1242;AMAZONAS;LUYA;SAN FRANCISCO DEL YESO;LAS PALMAS;0;12;43;RURAL;A;M;A;A
1243;AMAZONAS;LUYA;SAN FRANCISCO DEL YESO;MANGALPA;0;4;11;RURAL;M;A;B;M
1244;AMAZONAS;LUYA;SAN FRANCISCO DEL YESO;LA MONTA헤;0;15;25;RURAL;M;B;B;M
1245;AMAZONAS;LUYA;SAN JERONIMO;PACLAS;1;144;365;URBANO;M;M;M;A
1246;AMAZONAS;LUYA;SAN JERONIMO;TIALANGO;0;11;18;RURAL;A;A;B;M
1247;AMAZONAS;LUYA;SAN JERONIMO;EL TINGO;0;15;27;RURAL;B;B;B;A
1248;AMAZONAS;LUYA;SAN JERONIMO;PANAMA;0;18;54;RURAL;M;B;B;M
1249;AMAZONAS;LUYA;SAN JERONIMO;DUNIA CHICO;0;26;91;RURAL;A;B;A;M
1250;AMAZONAS;LUYA;SAN JERONIMO;SILVA;0;10;22;RURAL;B;M;B;A
1251;AMAZONAS;LUYA;SAN JERONIMO;MELENDESPAMPA;0;6;11;RURAL;B;M;M;B
1252;AMAZONAS;LUYA;SAN JERONIMO;LA ALEJITA;0;4;11;RURAL;A;A;A;M
1253;AMAZONAS;LUYA;SAN JERONIMO;CHONIA;0;36;112;RURAL;B;B;A;A
1254;AMAZONAS;LUYA;SAN JERONIMO;CUCHAPAMPA;0;4;11;RURAL;M;M;M;A
1255;AMAZONAS;LUYA;SAN JERONIMO;MARAYPATA;0;10;27;RURAL;M;M;B;M
1256;AMAZONAS;LUYA;SAN JERONIMO;ISHANGA;0;12;22;RURAL;A;B;A;B
1257;AMAZONAS;LUYA;SAN JERONIMO;YOGIMAL;0;4;16;RURAL;M;M;B;B
1258;AMAZONAS;LUYA;SAN JERONIMO;SAN JUAN;0;18;66;RURAL;A;M;M;M
1259;AMAZONAS;LUYA;SAN JERONIMO;COCAPATA;0;13;48;RURAL;M;A;B;B
1260;AMAZONAS;LUYA;SAN JERONIMO;NARANJOS;0;14;23;RURAL;A;M;M;M
1261;AMAZONAS;LUYA;SAN JUAN DE LOPECANCHA;SAN JUAN DE LOPECANCHA;1;37;82;URBANO;M;M;M;B
1262;AMAZONAS;LUYA;SAN JUAN DE LOPECANCHA;PUENTECITO;0;16;21;RURAL;B;M;A;B
1263;AMAZONAS;LUYA;SAN JUAN DE LOPECANCHA;SAN ANTONIO;0;34;87;RURAL;B;M;B;M
1264;AMAZONAS;LUYA;SAN JUAN DE LOPECANCHA;SANTA ROSA;0;6;15;RURAL;A;A;A;B
1265;AMAZONAS;LUYA;SAN JUAN DE LOPECANCHA;CORRAL;0;23;46;RURAL;M;A;A;A
1266;AMAZONAS;LUYA;SAN JUAN DE LOPECANCHA;SAN MARTIN DEL MANGO;0;66;188;RURAL;A;M;M;B
1267;AMAZONAS;LUYA;SAN JUAN DE LOPECANCHA;HUACA SIRINA;0;3;12;RURAL;B;B;B;A
1268;AMAZONAS;LUYA;SAN JUAN DE LOPECANCHA;TRIUNFO;0;27;70;RURAL;A;A;A;M
1269;AMAZONAS;LUYA;SANTO TOMAS;SAN LORENZO DE PIRCAPAMPA;0;30;75;RURAL;M;M;A;A
1270;AMAZONAS;LUYA;SANTO TOMAS;HUMEN;0;5;23;RURAL;M;M;M;A
1271;AMAZONAS;LUYA;SANTO TOMAS;PUENTE SANTO TOMAS;0;59;157;RURAL;M;A;M;B
1272;AMAZONAS;LUYA;SANTO TOMAS;BUEN0S AIRES;0;6;21;RURAL;B;A;A;A
1273;AMAZONAS;LUYA;SANTO TOMAS;ANDAMARCA;0;7;18;RURAL;B;B;B;M
1274;AMAZONAS;LUYA;SANTO TOMAS;SAN FRANCISCO DE TINTIN;0;128;323;RURAL;A;A;A;M
1275;AMAZONAS;LUYA;SANTO TOMAS;YESO PARAJE;0;3;14;RURAL;B;B;A;A
1276;AMAZONAS;LUYA;SANTO TOMAS;CAMPON;0;11;14;RURAL;A;A;B;B
1277;AMAZONAS;LUYA;SANTO TOMAS;ERAPATA;0;6;14;RURAL;A;B;A;A
1278;AMAZONAS;LUYA;SANTO TOMAS;REVASH;0;6;16;RURAL;B;B;M;M
1279;AMAZONAS;LUYA;SANTO TOMAS;BUENOS AIRES;0;6;15;RURAL;B;B;B;A
1280;AMAZONAS;LUYA;TINGO;TINGO;1;59;162;URBANO;M;A;B;B
1281;AMAZONAS;LUYA;TINGO;NUEVO TINGO;0;165;468;URBANO;M;A;B;B
1282;AMAZONAS;LUYA;TINGO;SAN MIGUEL DE VELAPATA;0;40;135;RURAL;M;M;B;M
1283;AMAZONAS;LUYA;TINGO;NOGALCUCHO;0;22;97;RURAL;M;M;A;B
1284;AMAZONAS;LUYA;TINGO;KUELAP;0;69;243;RURAL;A;M;B;M
1285;AMAZONAS;LUYA;TINGO;GRANERO;0;9;15;RURAL;M;A;A;B
1286;AMAZONAS;LUYA;TINGO;SAUCO;0;6;14;RURAL;B;B;A;A
1287;AMAZONAS;LUYA;TINGO;LANCHI;0;5;14;RURAL;M;M;M;B
1288;AMAZONAS;LUYA;TRITA;TRITA;1;238;771;URBANO;B;M;M;B
1289;AMAZONAS;LUYA;TRITA;CHAQUIL;0;37;121;RURAL;B;M;A;A
1290;AMAZONAS;LUYA;TRITA;SAN MIGUEL DE CRUZ PATA;0;93;387;RURAL;B;B;A;B
1291;AMAZONAS;RODRIGUEZ DE MENDOZA;SAN NICOLAS;MENDOZA;1;1026;3356;URBANO;M;M;M;A
1292;AMAZONAS;RODRIGUEZ DE MENDOZA;SAN NICOLAS;HUAMANPATA;0;74;22;RURAL;B;M;M;B
1293;AMAZONAS;RODRIGUEZ DE MENDOZA;SAN NICOLAS;CHAUPIMONTE;0;43;120;RURAL;B;A;A;B
1294;AMAZONAS;RODRIGUEZ DE MENDOZA;SAN NICOLAS;JUANDIL;0;20;47;RURAL;B;M;M;A
1295;AMAZONAS;RODRIGUEZ DE MENDOZA;SAN NICOLAS;NARANJO;0;21;69;RURAL;A;B;M;M
1296;AMAZONAS;RODRIGUEZ DE MENDOZA;SAN NICOLAS;LIMON;0;16;40;RURAL;A;A;M;B
1297;AMAZONAS;RODRIGUEZ DE MENDOZA;SAN NICOLAS;CHOZ;0;8;35;RURAL;A;A;A;A
1298;AMAZONAS;RODRIGUEZ DE MENDOZA;SAN NICOLAS;CARAPUNGO;0;48;148;RURAL;A;M;B;M
1299;AMAZONAS;RODRIGUEZ DE MENDOZA;SAN NICOLAS;ONCHIC;0;24;61;RURAL;A;B;B;B
1300;AMAZONAS;RODRIGUEZ DE MENDOZA;SAN NICOLAS;LEYVA;0;9;40;RURAL;A;B;B;M
1301;AMAZONAS;RODRIGUEZ DE MENDOZA;SAN NICOLAS;CHUCUAYCO;0;6;27;RURAL;M;A;A;A
1302;AMAZONAS;RODRIGUEZ DE MENDOZA;SAN NICOLAS;HUARMIACO (HUARIMIACO);0;15;56;RURAL;A;B;A;M
1303;AMAZONAS;RODRIGUEZ DE MENDOZA;SAN NICOLAS;RUMIACO;0;18;72;RURAL;B;B;A;B
1304;AMAZONAS;RODRIGUEZ DE MENDOZA;SAN NICOLAS;MIAM;0;5;16;RURAL;B;A;M;M
1305;AMAZONAS;RODRIGUEZ DE MENDOZA;SAN NICOLAS;CRUZ PATA;0;31;113;RURAL;M;M;M;B
1306;AMAZONAS;RODRIGUEZ DE MENDOZA;SAN NICOLAS;PARISTA;0;23;94;RURAL;B;B;B;B
1307;AMAZONAS;RODRIGUEZ DE MENDOZA;SAN NICOLAS;SHIPARA;0;3;17;RURAL;B;A;M;A
1308;AMAZONAS;RODRIGUEZ DE MENDOZA;SAN NICOLAS;CHACAPATA;0;16;60;RURAL;B;M;A;B
1309;AMAZONAS;RODRIGUEZ DE MENDOZA;SAN NICOLAS;NUEVA ESPERANZA;0;49;193;RURAL;A;B;B;A
1310;AMAZONAS;RODRIGUEZ DE MENDOZA;SAN NICOLAS;CHALHUA DERECHA;0;22;70;RURAL;A;A;M;M
1311;AMAZONAS;RODRIGUEZ DE MENDOZA;SAN NICOLAS;CHALHUA IZQUIERDA;0;5;17;RURAL;A;M;A;B
1312;AMAZONAS;RODRIGUEZ DE MENDOZA;SAN NICOLAS;MITO;0;33;107;RURAL;M;M;B;M
1313;AMAZONAS;RODRIGUEZ DE MENDOZA;SAN NICOLAS;CALZADA;0;6;13;RURAL;M;B;A;A
1314;AMAZONAS;RODRIGUEZ DE MENDOZA;CHIRIMOTO;CHIRIMOTO;1;45;105;URBANO;B;B;B;A
1315;AMAZONAS;RODRIGUEZ DE MENDOZA;CHIRIMOTO;QUILLUMITO;0;4;11;RURAL;B;B;M;B
1316;AMAZONAS;RODRIGUEZ DE MENDOZA;CHIRIMOTO;NARANJO PATA;0;9;20;RURAL;B;M;B;A
1317;AMAZONAS;RODRIGUEZ DE MENDOZA;CHIRIMOTO;VISTA ALEGRE;0;26;47;RURAL;M;A;B;M
1318;AMAZONAS;RODRIGUEZ DE MENDOZA;TOTORA;LA PERLA;0;25;95;RURAL;B;M;M;A
1319;AMAZONAS;RODRIGUEZ DE MENDOZA;TOTORA;LA FLORIDA;0;23;74;RURAL;M;B;B;A
1320;AMAZONAS;RODRIGUEZ DE MENDOZA;VISTA ALEGRE;VISTA ALEGRE;1;61;291;URBANO;M;M;M;M
1321;AMAZONAS;RODRIGUEZ DE MENDOZA;VISTA ALEGRE;CONSUELO;0;30;81;RURAL;M;B;M;B
1322;AMAZONAS;RODRIGUEZ DE MENDOZA;VISTA ALEGRE;SALAS;0;78;380;RURAL;M;A;A;A
1323;AMAZONAS;RODRIGUEZ DE MENDOZA;VISTA ALEGRE;NUEVO JAEN;0;34;121;RURAL;M;B;M;B
1324;AMAZONAS;RODRIGUEZ DE MENDOZA;VISTA ALEGRE;ALTO AMAZONAS;0;20;96;RURAL;B;A;A;A
1325;AMAZONAS;RODRIGUEZ DE MENDOZA;VISTA ALEGRE;NUEVO PROGRESO;0;10;39;RURAL;A;M;M;B
1326;AMAZONAS;RODRIGUEZ DE MENDOZA;VISTA ALEGRE;ALTO PIURA;0;5;22;RURAL;A;M;A;A
1327;AMAZONAS;RODRIGUEZ DE MENDOZA;VISTA ALEGRE;EL PUENTE;0;10;40;RURAL;M;B;A;B
1328;AMAZONAS;RODRIGUEZ DE MENDOZA;VISTA ALEGRE;ACAPULCO;0;11;48;RURAL;M;B;A;M
1329;AMAZONAS;RODRIGUEZ DE MENDOZA;VISTA ALEGRE;LA BANDA;0;5;13;RURAL;M;M;B;B
1330;AMAZONAS;RODRIGUEZ DE MENDOZA;VISTA ALEGRE;VISTA HERMOZA;0;8;38;RURAL;A;M;A;B
1331;AMAZONAS;RODRIGUEZ DE MENDOZA;VISTA ALEGRE;VALLE ANDINO;0;21;79;RURAL;A;B;M;M
1332;AMAZONAS;RODRIGUEZ DE MENDOZA;VISTA ALEGRE;NUEVO VISTA ALEGRE;0;26;116;RURAL;A;M;B;M
1333;AMAZONAS;UTCUBAMBA;BAGUA GRANDE;BAGUA GRANDE;1;7715;25930;URBANO;A;B;B;B
1334;AMAZONAS;UTCUBAMBA;BAGUA GRANDE;LOS PUKIOS;0;35;97;RURAL;M;B;B;B
1335;AMAZONAS;UTCUBAMBA;BAGUA GRANDE;LA VICTORIA;0;108;323;URBANO;A;B;B;B
1336;AMAZONAS;UTCUBAMBA;BAGUA GRANDE;PUENTE VERSALLA;0;62;186;RURAL;M;B;B;B
1337;AMAZONAS;UTCUBAMBA;BAGUA GRANDE;QUEBRADA SECA ALTA;0;72;197;RURAL;A;A;B;M
1338;AMAZONAS;UTCUBAMBA;BAGUA GRANDE;MORROPON;0;115;256;RURAL;B;M;A;B
1339;AMAZONAS;UTCUBAMBA;BAGUA GRANDE;MORERILLA;0;75;224;RURAL;B;B;B;B
1340;AMAZONAS;UTCUBAMBA;BAGUA GRANDE;JAHUNGA;0;173;399;RURAL;B;B;B;B
1341;AMAZONAS;UTCUBAMBA;BAGUA GRANDE;EL MARCAL;0;29;89;RURAL;A;M;B;A
1342;AMAZONAS;UTCUBAMBA;BAGUA GRANDE;EL PINTOR;0;139;416;RURAL;B;B;A;B
1343;AMAZONAS;UTCUBAMBA;BAGUA GRANDE;LAS QUINEAS;0;22;62;RURAL;A;A;M;A
1344;AMAZONAS;UTCUBAMBA;BAGUA GRANDE;EL SAUCE;0;32;85;RURAL;A;M;A;B
1345;AMAZONAS;UTCUBAMBA;BAGUA GRANDE;LA CRUZ;0;29;110;RURAL;A;M;M;B
1346;AMAZONAS;UTCUBAMBA;BAGUA GRANDE;GONCHA;0;44;101;RURAL;B;B;B;M
1347;AMAZONAS;UTCUBAMBA;BAGUA GRANDE;헷NYA TEMPLE;0;148;384;RURAL;M;B;A;B
1348;AMAZONAS;UTCUBAMBA;BAGUA GRANDE;LA ESPERANZA (SANTA ELENA);0;68;169;RURAL;M;B;B;A
1349;AMAZONAS;UTCUBAMBA;BAGUA GRANDE;PUENTE PIEDRA;0;22;80;RURAL;B;B;B;A
1350;AMAZONAS;UTCUBAMBA;BAGUA GRANDE;NUEVO HORIZONTE BAJO;0;20;83;RURAL;M;M;M;M
1351;AMAZONAS;UTCUBAMBA;BAGUA GRANDE;EL BALCHO;0;44;199;RURAL;A;A;B;A
1352;AMAZONAS;UTCUBAMBA;BAGUA GRANDE;DELTA;0;33;96;RURAL;M;M;A;M
1353;AMAZONAS;UTCUBAMBA;BAGUA GRANDE;PANGAMITO;0;47;118;RURAL;B;A;B;A
1354;AMAZONAS;UTCUBAMBA;BAGUA GRANDE;NUEVO HORIZONTE;0;154;555;URBANO;A;B;A;M
1355;AMAZONAS;UTCUBAMBA;BAGUA GRANDE;VISTA ALEGRE;0;71;280;RURAL;M;B;B;A
1356;AMAZONAS;UTCUBAMBA;BAGUA GRANDE;MA헷MAL;0;93;334;RURAL;B;B;M;B
1357;AMAZONAS;UTCUBAMBA;BAGUA GRANDE;BUENA VISTA;0;226;592;URBANO;A;A;B;B
1358;AMAZONAS;UTCUBAMBA;BAGUA GRANDE;LIMONYACU;0;63;172;RURAL;B;B;M;A
1359;AMAZONAS;UTCUBAMBA;BAGUA GRANDE;NUEVA ESPERANZA;0;11;32;RURAL;M;A;A;M
1360;AMAZONAS;UTCUBAMBA;BAGUA GRANDE;NUEVO SANTA ROSA;0;15;69;RURAL;M;A;B;M
1361;AMAZONAS;UTCUBAMBA;BAGUA GRANDE;NUEVO MUNDO;0;26;118;RURAL;M;A;B;A
1362;AMAZONAS;UTCUBAMBA;BAGUA GRANDE;NUEVO HORIZONTE ALTO EL LIRIO;0;25;104;RURAL;B;A;A;A
1363;AMAZONAS;UTCUBAMBA;BAGUA GRANDE;NOGAL;0;29;118;RURAL;M;B;A;B
1364;AMAZONAS;UTCUBAMBA;BAGUA GRANDE;COLLICATE;0;112;413;RURAL;M;A;A;M
1365;AMAZONAS;UTCUBAMBA;BAGUA GRANDE;LA LAGUNA;0;50;229;RURAL;M;B;B;A
1366;AMAZONAS;UTCUBAMBA;BAGUA GRANDE;CANGREJAL;0;20;61;RURAL;M;B;A;B
1367;AMAZONAS;UTCUBAMBA;BAGUA GRANDE;TOMOCHO;0;80;260;RURAL;M;M;A;B
1368;AMAZONAS;UTCUBAMBA;BAGUA GRANDE;SANTA ROSA;0;42;159;RURAL;A;A;B;A
1369;AMAZONAS;UTCUBAMBA;BAGUA GRANDE;LA TABLA;0;53;187;RURAL;B;B;A;A
1370;AMAZONAS;UTCUBAMBA;BAGUA GRANDE;LAS MERCEDES;0;19;57;RURAL;M;B;M;A
1371;AMAZONAS;UTCUBAMBA;BAGUA GRANDE;PALMA CENTRAL;0;56;224;RURAL;B;B;A;A
1372;AMAZONAS;UTCUBAMBA;BAGUA GRANDE;LAGUNA DEL PATO;0;45;184;RURAL;B;M;M;A
1373;AMAZONAS;UTCUBAMBA;BAGUA GRANDE;EL BALCON;0;78;285;RURAL;B;A;A;A
1374;AMAZONAS;UTCUBAMBA;BAGUA GRANDE;EL PORVENIR;0;64;217;RURAL;B;M;A;A
1375;AMAZONAS;UTCUBAMBA;BAGUA GRANDE;SE헲R HUAMANTANGA;0;18;47;RURAL;B;A;B;A
1376;AMAZONAS;UTCUBAMBA;BAGUA GRANDE;LAS VEGAS;0;12;26;RURAL;A;B;B;M
1377;AMAZONAS;UTCUBAMBA;CAJARURO;NUEVO CHICLAYO;0;24;17;RURAL;M;A;B;M
1378;AMAZONAS;UTCUBAMBA;CUMBA;NUEVA ESPERANZA;0;164;467;URBANO;A;A;B;A
1379;AMAZONAS;UTCUBAMBA;CUMBA;LA QUINUA;0;25;99;RURAL;B;B;M;A
1380;AMAZONAS;UTCUBAMBA;CUMBA;PLAYA HERMOSA;0;42;163;RURAL;M;A;B;B
1381;AMAZONAS;UTCUBAMBA;CUMBA;PE헤 BLANCA;0;51;261;RURAL;A;A;M;M
1382;AMAZONAS;UTCUBAMBA;CUMBA;NUEVO ORIENTE;0;43;82;RURAL;B;B;M;B
1383;AMAZONAS;UTCUBAMBA;CUMBA;VISTA HERMOSA;0;37;103;RURAL;B;M;B;A
1384;AMAZONAS;UTCUBAMBA;CUMBA;LA RECTA;0;28;61;RURAL;A;M;M;B
1385;AMAZONAS;UTCUBAMBA;CUMBA;TABACALES;0;17;70;RURAL;M;M;M;B
1386;AMAZONAS;UTCUBAMBA;CUMBA;CHALLUAYACU;0;43;211;RURAL;M;M;M;M
1387;AMAZONAS;UTCUBAMBA;CUMBA;SAN MARTIN;0;72;326;RURAL;M;A;B;A
1388;AMAZONAS;UTCUBAMBA;CUMBA;SAN MIGUEL;0;24;112;RURAL;M;M;A;M
1389;AMAZONAS;UTCUBAMBA;CUMBA;LA CHIRA;0;23;71;RURAL;B;B;B;A
1390;AMAZONAS;UTCUBAMBA;CUMBA;TRAPICHILLO;0;128;418;RURAL;M;M;M;B
1391;AMAZONAS;UTCUBAMBA;CUMBA;PIATANA;0;41;129;RURAL;M;B;B;B
1392;AMAZONAS;UTCUBAMBA;CUMBA;LA ARCANA;0;9;12;RURAL;B;B;M;A
1393;AMAZONAS;UTCUBAMBA;CUMBA;VISTA FLORIDA;0;70;328;RURAL;B;A;M;M
1394;AMAZONAS;UTCUBAMBA;CUMBA;MIRAFLORES;0;47;182;RURAL;B;A;B;M
1395;AMAZONAS;UTCUBAMBA;CUMBA;RESERVORIO;0;23;87;RURAL;B;A;M;B
1396;AMAZONAS;UTCUBAMBA;CUMBA;HUALANGO;0;92;312;URBANO;M;A;M;A
1397;AMAZONAS;UTCUBAMBA;CUMBA;LA CRUZ;0;13;43;RURAL;M;A;A;A
1398;AMAZONAS;UTCUBAMBA;CUMBA;VISTA ALEGRE DE CUMBA;0;120;443;RURAL;M;A;B;A
1399;AMAZONAS;UTCUBAMBA;CUMBA;CHALA;0;6;12;RURAL;B;A;M;A
1400;AMAZONAS;UTCUBAMBA;CUMBA;TAGTAGO;0;165;602;URBANO;B;B;A;B
1401;AMAZONAS;UTCUBAMBA;CUMBA;LA LIBERTAD;0;35;129;RURAL;M;M;B;M
1402;AMAZONAS;UTCUBAMBA;CUMBA;LIMONES;0;8;11;RURAL;B;A;B;M
1403;AMAZONAS;UTCUBAMBA;CUMBA;SINAI;0;57;210;RURAL;A;B;M;M
1404;AMAZONAS;UTCUBAMBA;CUMBA;OCTUCHO;0;90;327;RURAL;B;M;M;M
1405;AMAZONAS;UTCUBAMBA;CUMBA;PLAZA GRANDE;0;11;20;RURAL;A;A;M;A
1406;AMAZONAS;UTCUBAMBA;CUMBA;LA POSA;0;7;28;RURAL;A;B;M;A
1407;AMAZONAS;UTCUBAMBA;CUMBA;NUEVA ALIANZA;0;24;129;RURAL;A;A;B;A
1408;AMAZONAS;UTCUBAMBA;CUMBA;LA CONCORDIA;0;22;62;RURAL;A;M;B;A
1409;AMAZONAS;UTCUBAMBA;EL MILAGRO;EL MILAGRO;1;316;1555;URBANO;A;A;B;B
1410;AMAZONAS;UTCUBAMBA;EL MILAGRO;PAPAYA BAJA (PARCIALIDAD);0;37;77;RURAL;M;A;A;B
1411;AMAZONAS;UTCUBAMBA;EL MILAGRO;NI헲 POBRE;0;61;143;RURAL;M;B;A;A
1412;AMAZONAS;UTCUBAMBA;EL MILAGRO;SAN PEDRO;0;186;527;RURAL;M;M;M;A
1413;AMAZONAS;UTCUBAMBA;EL MILAGRO;EL TRIUNFO;0;54;112;RURAL;A;A;B;A
1414;AMAZONAS;UTCUBAMBA;EL MILAGRO;AVIACION;0;81;171;RURAL;A;B;A;B
1415;AMAZONAS;UTCUBAMBA;EL MILAGRO;EL ZAPOTE;0;74;224;RURAL;A;B;A;B
1416;AMAZONAS;UTCUBAMBA;EL MILAGRO;LLIMBO;0;20;68;RURAL;B;A;M;A
1417;AMAZONAS;UTCUBAMBA;EL MILAGRO;HUARANGOPAMPA;0;176;345;RURAL;A;A;M;M
1418;AMAZONAS;UTCUBAMBA;EL MILAGRO;VALOR;0;141;346;RURAL;M;M;B;B
1419;AMAZONAS;UTCUBAMBA;EL MILAGRO;EL VALOR CRUCE CAYALTI;0;71;208;RURAL;A;M;A;M
1420;AMAZONAS;UTCUBAMBA;EL MILAGRO;EL REPOSO;0;200;235;RURAL;A;B;A;B
1421;AMAZONAS;UTCUBAMBA;EL MILAGRO;SIEMPRE VIVA;0;170;557;RURAL;M;B;B;M
1422;AMAZONAS;UTCUBAMBA;EL MILAGRO;CAYALTI;0;51;155;RURAL;M;M;M;B
1423;AMAZONAS;UTCUBAMBA;EL MILAGRO;LAS PIRCAS;0;71;230;RURAL;M;M;A;M
1424;AMAZONAS;UTCUBAMBA;EL MILAGRO;TRIUNFO DE LOS ARRAYANES;0;37;154;RURAL;M;A;B;M
1425;AMAZONAS;UTCUBAMBA;EL MILAGRO;JOROBAMBA;0;133;544;RURAL;A;B;B;B
1426;AMAZONAS;UTCUBAMBA;JAMALCA;JAMALCA;1;290;878;URBANO;M;B;B;A
1427;AMAZONAS;UTCUBAMBA;JAMALCA;QUEBRADA HONDA;0;28;51;RURAL;A;B;A;B
1428;AMAZONAS;UTCUBAMBA;JAMALCA;PUERTO NARANJITOS;0;167;453;RURAL;M;A;B;B
1429;AMAZONAS;UTCUBAMBA;JAMALCA;ARENAL;0;5;22;RURAL;M;A;M;A
1430;AMAZONAS;UTCUBAMBA;JAMALCA;SALAO;0;88;278;RURAL;M;A;A;B
1431;AMAZONAS;UTCUBAMBA;JAMALCA;PUERTO PANAMA;0;23;73;RURAL;M;M;B;B
1432;AMAZONAS;UTCUBAMBA;JAMALCA;LA CALDERA;0;13;31;RURAL;B;B;B;M
1433;AMAZONAS;UTCUBAMBA;JAMALCA;ANGAMOS;0;22;82;RURAL;A;A;A;B
1434;AMAZONAS;UTCUBAMBA;JAMALCA;SAN PEDRO;0;7;22;RURAL;A;M;A;M
1435;AMAZONAS;UTCUBAMBA;JAMALCA;MAGUNCHAL;0;7;21;RURAL;M;A;B;B
1436;AMAZONAS;UTCUBAMBA;JAMALCA;SAN JOSE DE LA NUEVA ALIANZA;0;16;43;RURAL;A;B;B;B
1437;AMAZONAS;UTCUBAMBA;JAMALCA;PUEBLO NUEVO;0;17;51;RURAL;A;B;B;A
1438;AMAZONAS;UTCUBAMBA;JAMALCA;ASERRADERO;0;142;507;URBANO;M;A;A;M
1439;AMAZONAS;UTCUBAMBA;JAMALCA;EL CEREZO;0;21;62;RURAL;A;M;M;B
1440;AMAZONAS;UTCUBAMBA;JAMALCA;PLAYA AZUL;0;3;10;RURAL;M;M;M;A
1441;AMAZONAS;UTCUBAMBA;JAMALCA;GUAYACAN;0;43;162;RURAL;M;A;A;A
1442;AMAZONAS;UTCUBAMBA;BAGUA GRANDE;PROSOCHO;0;25;84;RURAL;A;A;B;A
1443;AMAZONAS;UTCUBAMBA;BAGUA GRANDE;NUEVO JERUSALEN;0;41;148;RURAL;M;A;M;B
1444;AMAZONAS;UTCUBAMBA;BAGUA GRANDE;MIRAFLORES;0;203;533;URBANO;M;M;A;A
1445;AMAZONAS;UTCUBAMBA;BAGUA GRANDE;CAMPO ALEGRE;0;80;275;RURAL;A;M;A;M
1446;AMAZONAS;UTCUBAMBA;BAGUA GRANDE;NUEVO SAN LORENZO;0;42;198;RURAL;B;B;M;A
1447;AMAZONAS;UTCUBAMBA;BAGUA GRANDE;PERLAMAYO;0;43;165;RURAL;A;A;A;A
1448;AMAZONAS;UTCUBAMBA;BAGUA GRANDE;MIRAFLORES DE BUENAVISTA;0;71;238;RURAL;M;M;A;A
1449;AMAZONAS;UTCUBAMBA;BAGUA GRANDE;MANANTIAL;0;36;116;RURAL;M;A;A;B
1450;AMAZONAS;UTCUBAMBA;BAGUA GRANDE;VISTA HERMOSA;0;131;429;RURAL;M;M;B;B
1451;AMAZONAS;UTCUBAMBA;BAGUA GRANDE;NUEVO EDEN;0;30;122;RURAL;B;B;M;B
1452;AMAZONAS;UTCUBAMBA;BAGUA GRANDE;TANCHO JALCA;0;48;220;RURAL;A;B;B;M
1453;AMAZONAS;UTCUBAMBA;BAGUA GRANDE;SAN JUAN DE CHOTA;0;54;260;RURAL;M;B;A;A
1454;AMAZONAS;UTCUBAMBA;BAGUA GRANDE;SANTA CLARA;0;99;333;RURAL;A;A;A;A
1455;AMAZONAS;UTCUBAMBA;BAGUA GRANDE;NUEVA ALIANZA (EX CONCORDIA);0;37;169;RURAL;B;M;B;M
1456;AMAZONAS;UTCUBAMBA;BAGUA GRANDE;NUEVO ORIENTE;0;68;253;RURAL;M;B;A;B
1457;AMAZONAS;UTCUBAMBA;BAGUA GRANDE;SAN MIGUEL;0;37;118;RURAL;A;A;B;B
1458;AMAZONAS;UTCUBAMBA;BAGUA GRANDE;CRUZ ROJA;0;52;225;RURAL;B;M;B;M
1459;AMAZONAS;UTCUBAMBA;BAGUA GRANDE;LA LIBERTAD;0;40;167;RURAL;A;A;B;A
1460;AMAZONAS;UTCUBAMBA;BAGUA GRANDE;BUENOS AIRES;0;75;292;RURAL;A;M;A;B
1461;AMAZONAS;UTCUBAMBA;BAGUA GRANDE;LA UNION;0;24;124;RURAL;M;B;M;A
1462;AMAZONAS;UTCUBAMBA;BAGUA GRANDE;SAN JOSE;0;84;392;RURAL;B;A;M;B
1463;AMAZONAS;UTCUBAMBA;BAGUA GRANDE;ROSA PAMPA;0;101;350;RURAL;M;M;A;A
1464;AMAZONAS;UTCUBAMBA;BAGUA GRANDE;NUEVA HOLANDA;0;19;73;RURAL;A;A;B;B
1465;AMAZONAS;UTCUBAMBA;BAGUA GRANDE;ALTO PERU;0;100;381;RURAL;B;M;A;M
1466;AMAZONAS;UTCUBAMBA;BAGUA GRANDE;BERLIN;0;20;95;RURAL;B;B;M;A
1467;AMAZONAS;UTCUBAMBA;BAGUA GRANDE;PONA ALTA;0;160;655;RURAL;B;A;A;M
1468;AMAZONAS;UTCUBAMBA;BAGUA GRANDE;LA PALMA;0;39;189;RURAL;B;A;B;M
1469;AMAZONAS;UTCUBAMBA;BAGUA GRANDE;PLAYA GRANDE;0;38;186;RURAL;B;M;A;A
1470;AMAZONAS;UTCUBAMBA;BAGUA GRANDE;PUEBLO LIBRE;0;121;457;RURAL;M;B;A;B
1471;AMAZONAS;UTCUBAMBA;BAGUA GRANDE;NUEVA INDEPENDENCIA;0;67;235;RURAL;M;A;A;B
1472;AMAZONAS;UTCUBAMBA;BAGUA GRANDE;GALERAS;0;29;113;RURAL;M;B;B;M
1473;AMAZONAS;UTCUBAMBA;BAGUA GRANDE;EL PALMO;0;71;347;RURAL;M;B;A;B
1474;AMAZONAS;UTCUBAMBA;BAGUA GRANDE;NUNYA JALCA;0;276;973;URBANO;M;A;A;M
1475;AMAZONAS;UTCUBAMBA;BAGUA GRANDE;EL VERDE;0;33;98;RURAL;M;M;B;A
1476;AMAZONAS;UTCUBAMBA;BAGUA GRANDE;LIMONCITO;0;17;39;RURAL;B;B;M;M
1477;AMAZONAS;UTCUBAMBA;BAGUA GRANDE;SAN MARTIN DE PORRAS;0;207;601;URBANO;M;A;A;B
1478;AMAZONAS;UTCUBAMBA;BAGUA GRANDE;CHUCMAR;0;39;208;RURAL;A;M;A;M
1479;AMAZONAS;UTCUBAMBA;BAGUA GRANDE;SACHAPOYAS;0;116;383;RURAL;B;M;B;B
1480;AMAZONAS;UTCUBAMBA;BAGUA GRANDE;NUEVO JORDAN;0;21;86;RURAL;B;B;B;B
1481;AMAZONAS;UTCUBAMBA;BAGUA GRANDE;SANTA MARIA;0;39;196;RURAL;M;A;M;B
1482;AMAZONAS;UTCUBAMBA;BAGUA GRANDE;PROGRESO SAN ANTONIO;0;109;377;RURAL;M;A;M;B
1483;AMAZONAS;UTCUBAMBA;BAGUA GRANDE;CERRO AZUL;0;25;119;RURAL;M;B;B;B
1484;AMAZONAS;UTCUBAMBA;BAGUA GRANDE;SANTO DOMINGO;0;46;141;RURAL;B;M;A;A
1485;AMAZONAS;UTCUBAMBA;BAGUA GRANDE;BELLA ANDINA;0;24;123;RURAL;B;A;B;M
1486;AMAZONAS;UTCUBAMBA;BAGUA GRANDE;MORERILLA ALTA;0;66;228;RURAL;M;A;A;M
1487;AMAZONAS;UTCUBAMBA;BAGUA GRANDE;NUEVO CANGREJAL;0;20;42;RURAL;B;M;B;A
1488;AMAZONAS;UTCUBAMBA;BAGUA GRANDE;AGUA AZUL;0;57;197;RURAL;B;A;B;A
1489;AMAZONAS;UTCUBAMBA;BAGUA GRANDE;PAMPAS DE BURLAN;0;66;129;RURAL;M;A;B;M
1490;AMAZONAS;UTCUBAMBA;BAGUA GRANDE;NUEVO PORVENIR;0;14;70;RURAL;A;M;A;M
1491;AMAZONAS;UTCUBAMBA;BAGUA GRANDE;NUEVO PARAISO;0;17;76;RURAL;A;B;M;B
1492;AMAZONAS;UTCUBAMBA;BAGUA GRANDE;CASA BLANCA;0;29;153;RURAL;B;M;B;M
1493;AMAZONAS;UTCUBAMBA;BAGUA GRANDE;NUEVO MEXICO;0;19;88;RURAL;B;A;B;B
1494;AMAZONAS;UTCUBAMBA;BAGUA GRANDE;CORRAL DE PIEDRA;0;10;32;RURAL;A;A;B;A
1495;AMAZONAS;UTCUBAMBA;BAGUA GRANDE;GUANGILAN;0;12;24;RURAL;A;B;A;M
1496;AMAZONAS;UTCUBAMBA;BAGUA GRANDE;LA VERSALLA;0;151;356;RURAL;M;M;M;M
1497;AMAZONAS;UTCUBAMBA;BAGUA GRANDE;QUEBRADA SECA BAJA;0;71;216;RURAL;B;A;B;A
1498;AMAZONAS;UTCUBAMBA;BAGUA GRANDE;VISTA FLORIDA;0;10;34;RURAL;M;A;B;M
1499;AMAZONAS;UTCUBAMBA;CAJARURO;CAJARURO;1;400;1516;URBANO;A;B;M;A
